13. NAJČEŠĆA PREZIMENA, POPIS 2011.;;;;;;;;;;;;
Ime županije;Grad ili općina;"Ime grada ili
općine";Najčešća prezimena 1);;;;;;;;;
;;;1;2;3;4;5;6;7;8;9;10
Republika Hrvatska; ;;HORVAT;KOVAČEVIĆ;BABIĆ;MARIĆ;JURIĆ;NOVAK;KOVAČIĆ;KNEŽEVIĆ;VUKOVIĆ;MARKOVIĆ
Zagrebačka; ;;HORVAT;KOVAČIĆ;KOS;NOVOSEL;KOVAČEVIĆ;MARIĆ;BOŽIĆ;BABIĆ;KRALJ;FILIPOVIĆ
Zagrebačka;Grad;Dugo Selo;MARIĆ;PERKOVIĆ;KLARIĆ;MATIĆ;GRGIĆ;TOMIĆ;ŠARIĆ;HORVAT;JAKOVIĆ;FILIPOVIĆ
Zagrebačka;Grad;Ivanić-Grad;JOVANOVIĆ;HORVAT;VUKOVIĆ;BABIĆ;BILANDŽIJA;BARILIĆ;MARKOVIĆ;KUNEK;MIHALJEVIĆ;NIKOLIĆ
Zagrebačka;Grad;Jastrebarsko;NOVOSEL;FABIJANIĆ;DOMJANČIĆ;IVANČIĆ;BORKOVIĆ;BUDINŠĆAK;GOJŠIĆ;JURKOVIĆ;KUNOVIĆ;RUBINIĆ
Zagrebačka;Grad;Samobor;HORVAT;BAŠIĆ;RAZUM;RUBINIĆ;FRESL;ŠOIĆ;KOS;MATIJAŠČIĆ;KUPRES;BOŠNJAK
Zagrebačka;Grad;Sveta Nedelja;VLAŠIĆ;HORVAT;GOLUBIĆ;ČAKANIĆ;ŠEKETA;VOJVODIĆ;KLEMENČIĆ;ZLODI;ŠABARIĆ;PETRAVIĆ
Zagrebačka;Grad;Sveti Ivan Zelina;ANTOLKOVIĆ;KOS;POSAVEC;DANANIĆ;FILIPOVIĆ;ŽIGROVIĆ;KRALJ;POLDRUGAČ;PRUGOVEČKI;KOŽIĆ
Zagrebačka;Grad;Velika Gorica;KOVAČIĆ;KOS;KOVAČEVIĆ;STEPANIĆ;MATKOVIĆ;MATIĆ;BARIŠIĆ;ČUNČIĆ;JANKOVIĆ;HORVAT
Zagrebačka;Grad;Vrbovec;KRALJ;PAVIĆ;ABRAMOVIĆ;JURIĆ;PANKRETIĆ;TURK;KOLIĆ;PETRAK;GREŽINA;ANTOLKOVIĆ
Zagrebačka;Grad;Zaprešić;HORVAT;KOVAČ;TUCMAN;MILIĆ;POKUPEC;JURIĆ;BABIĆ;JANDRAS;ŠIMUNIĆ;BARUN
Zagrebačka;Općina;Bedenica;BIČAK;MAHNET;KRANJEC;KUDELIĆ;ČEHULIĆ;GORIČKI;NEMČIĆ;TUKOVIĆ;BUKOVEC;ŠKLEDAR
Zagrebačka;Općina;Bistra;ERŠEK;ŠKRLIN;LEŠNJAK;ŠPOLJAR;GULIĆ;ŠKREBLIN;ŠIMUNIĆ;CAR;PRŠA;BOROVEC
Zagrebačka;Općina;Brckovljani;PERIĆ;DAROJKOVIĆ;JOZIĆ;MARIĆ;BOŽIĆ;MARKOVIĆ;TUNIĆ;JAKOVIĆ;GRGIĆ;KATIĆ
Zagrebačka;Općina;Brdovec;FILIPČIĆ;ŠOŠTARIĆ;NOVAK;KOVAČIĆ;HORVATIĆ;JAKOVINA;HRIBAR;KATUŠIĆ;BELUHAN;REŠETAR
Zagrebačka;Općina;Dubrava;BABIĆ;BRADIĆ;HORVAT;SEVER;HRGIĆ;KOVAČEVIĆ;KOZUMPLIK;KOVAČIĆ;KATALENAC;SENJANEC
Zagrebačka;Općina;Dubravica;STIPERSKI;HORVAT;ŠTRITOF;NEMČIĆ;GOLUB;ŠMAGUC;HUDINA;IVANUŠ;ČUK;FABIJANEC
Zagrebačka;Općina;Farkaševac;BOŽIĆ;KOS;JELIĆ;KARAN;BUKAL;JEMBRI;ĐURIČIĆ;NOVAK;POLJAK;ORŠULIĆ
Zagrebačka;Općina;Gradec;KELEKOVIĆ;DONČEVIĆ;FILIPČIĆ;BARIČEVIĆ;JEŽIĆ;KALINSKI;SALAJ;TOKALIĆ;BLAŽINOVIĆ;HMELINA
Zagrebačka;Općina;Jakovlje;BRCKO;SENIČIĆ;HORVATOVIĆ;KOVAČEC;KOVAČ;JAGUŠT;GAJSKI;CIPEK;POTURICA;IVČEK
Zagrebačka;Općina;Klinča Sela;KELEČIĆ;MARETIĆ;PUČAR;SAKOMAN;GRADSKI;BUDIŠĆAK;BENCETIĆ;PUSTAJ;JURATOVIĆ;BAŠIĆ
Zagrebačka;Općina;Kloštar Ivanić;BRCKO;FILIPOVIĆ;BUNJEVAC;GORIĆ;TUČKORIĆ;NOVAKOVIĆ;ŠIMUNOVIĆ;PAVANIĆ;IVAKOVIĆ;TUTIĆ
Zagrebačka;Općina;Krašić;PENIĆ;MATKO;ŽALAC;STEPINAC;ĆUK;BREBRIĆ;PETKOVIĆ;NOVOSEL;KRNEŽIĆ;KUHARIĆ
Zagrebačka;Općina;Kravarsko;KOLAREC;GODINIĆ;CEKOVIĆ;LOVRIĆ;ZAGORAC;DOMITROVIĆ;KUZMIĆ;SREMIĆ;TURKOVIĆ;POVOLJNJAK
Zagrebačka;Općina;Križ;KOVAČIĆ;HORVAT;KOVAČ;LOVREKOVIĆ;TUTIĆ;KRALJ;PAVLIĆ;GRGIĆ;RUPČIĆ;POJE
Zagrebačka;Općina;Luka;HALAMBEK;VRHOVEC;MASNJAK;ŠIMUNJAK;PETEK;ŽUPANEC;KAHLINA;POSAVEC;TUĐMAN;CVOK
Zagrebačka;Općina;Marija Gorica;KRČELIĆ;KOVAČIĆ;JAKOLIĆ;DEBOGOVIĆ;FRKANEC;PUŠIĆ;GLOGOVIĆ;LUKŠA;PILI;TAŠIĆ
Zagrebačka;Općina;Orle;VUČIN;HRVOJIĆ;VRBAN;FURKO;KRAMARIĆ;MAŠIĆ;SUČEC;VARIVODA;VUGRINEC;FUKAT
Zagrebačka;Općina;Pisarovina;ŽUNEC;BRITVEC;BRCKOVIĆ;PERŠIN;ŠPIŠIĆ;SOLTAN;SALAJEC;STEPUŠIN;ČAČKOVIĆ;SKENDER
Zagrebačka;Općina;Pokupsko;LUKINIĆ;ŠESTAK;SUČEC;ŠANDOR;SKRBIN;CAVRIĆ;ŽUŽIĆ;ŠTIMAC;SKENDER;JELEKOVAC
Zagrebačka;Općina;Preseka;BREZJAN;LEŠČIĆ;MUŠAK;CUZELJ;GORIČAN;KRESAJ;KUŠIĆ;LELJAK;FERENČAK;SOBOTA
Zagrebačka;Općina;Pušća;VUGEC;BERNARDIĆ;STANIŠAK;FILKOVIĆ;MIHOK;HORVAT;PINTAR;HRUŠEVAR;MIHALINEC;GORUPEC
Zagrebačka;Općina;Rakovec;PRELEC;PAJUR;ČOLIG;BENC;KLEMEŠ;DOBRICA;GAŠPARIĆ;BERTEČIĆ;VIDAK;JAKOPIC
Zagrebačka;Općina;Rugvica;MARIĆ;JURIĆ;ANTUNOVIĆ;NIKOLIĆ;HORVAT;MRŠIĆ;PAVIĆ;ANUŠIĆ;KOLAR;MAJIĆ
Zagrebačka;Općina;Stupnik;BOŽIĆ;HORVATINEC;MEGLAJEC;JAMBREK;CRNEČKI;HORVAT;TRDAK;KONJUŠIĆ;JAPJEC;ŽUŽIĆ
Zagrebačka;Općina;Žumberak;ŠINKOVIĆ;BUČAR;VLAŠIĆ;DEANOVIĆ;GRDOŠIĆ;VUKOVIĆ;MORDUŠ;BERNARDIĆ;FERENČIĆ;LATKOVIĆ
Krapinsko-zagorska; ;;HORVAT;HRŠAK;SINKOVIĆ;KRALJ;HERCEG;BELOŠEVIĆ;NOVOSEL;PAVIĆ;LELJAK;KUNŠTEK
Krapinsko-zagorska;Grad;Donja Stubica;HREN;MIRT;JAGARČEC;ŠTEFEK;MARTINIĆ;DREMPETIĆ;HORVAT;ŽUKINA;GLAVAČ;LANDRIPET
Krapinsko-zagorska;Grad;Klanjec;HARAPIN;PETEK;HORVAT;VLAHOVIĆ;GAŠPAR;POSLEK;SOMEK;HORVATIN;LEŠ;RICIJAŠ
Krapinsko-zagorska;Grad;Krapina;HORVAT;HRŠAK;GOLUB;LELJAK;GREGUROVIĆ;VIDOVIĆ;KUNŠTEK;PULJEK;KOZINA;KANTOLIĆ
Krapinsko-zagorska;Grad;Oroslavje;JAGEČIĆ;GREDIČAK;GRABUŠIĆ;ČIČKO;KRALJ;NOVOSEL;CURMAN;KNEZIĆ;KRALJIĆ;OREMUŠ
Krapinsko-zagorska;Grad;Pregrada;HORVAT;BURIĆ;LESKOVAR;HRESTAK;FILIPČIĆ;KRSNIK;VEŠLIGAJ;GRILEC;DRENŠKI;HLUPIĆ
Krapinsko-zagorska;Grad;Zabok;HRASTINSKI;TUĐA;SINKOVIĆ;GREGURIĆ;TISANIĆ;KRZNAR;KOLAR;VRANČIĆ;MARTINIĆ;KRAJAČIĆ
Krapinsko-zagorska;Grad;Zlatar;HANŽEK;BINGULA;VARGA;PUKLIN;POSARIĆ;KURTANJEK;ŠKOF;HITREC;SVIBEN;BRČIĆ
Krapinsko-zagorska;Općina;Bedekovčina;NOVOSEL;JAKUŠ;ČEHULIĆ;PAVETIĆ;BAN;GORIČKI;MUTAK;TENŠEK;VIDEK;FRANC
Krapinsko-zagorska;Općina;Budinščina;MIKULČIĆ;RIČKO;MEŠNJAK;HRUŠKAR;FULIR;LUSAVEC;VALJAK;VERTUŠ;ZAJEC;ŽABČIĆ
Krapinsko-zagorska;Općina;Desinić;LJUBIĆ;ŠURBEK;ANTOLIĆ;STIPLOŠEK;BEBER;HORVAT;KRALJ;REGVAR;FIKET;HALUŽAN
Krapinsko-zagorska;Općina;Đurmanec;PAVIĆ;BELOŠEVIĆ;LELJAK;HORVAT;VINCELJ;VARJAČIĆ;ŠAFRANKO;KLASIĆ;PEČEK;SMILJANEC
Krapinsko-zagorska;Općina;Gornja Stubica;LEŠKOVIĆ;HREN;KLANJČIĆ;LISAK;JAKŠIĆ;LABAŠ;IVANIĆ;BENKO;HARAMUSTEK;KORMAN
Krapinsko-zagorska;Općina;Hrašćina;ŽUGEC;KURTOIĆ;VIZIR;BABOK;RUSEK;ČAČKO;KOVAČIĆ;BESEK;PETRINIĆ;ČAVEC
Krapinsko-zagorska;Općina;Hum na Sutli;TEPEŠ;ČUČEK;MIKLAUŽIĆ;HALUŽAN;BORŠIĆ;PODHRAŠKI;BARIĆ;BRAČUN;OČKO;ŠPILJAK
Krapinsko-zagorska;Općina;Jesenje;KLASIĆ;CVRTILA;KOVAČEC;ŠOŠTARIĆ;RANOGAJEC;JEDVAJ;JANŽEK;KRANJČEC;HERCEG;HABJANEC
Krapinsko-zagorska;Općina;Konjščina;BRLEK;CRNEKOVIĆ;GORIČKI;JANTOLEK;KEREŠA;JAKOPOVIĆ;CURIŠ;LUGARIĆ;HANŽEK;OZIMEC
Krapinsko-zagorska;Općina;Kraljevec na Sutli;BOROŠAK;KRALJ;BAN;BOGOVIĆ;JAMBREŠIĆ;SINKOVIĆ;VRABEC;HLAD;KOLAR;HARAPIN
Krapinsko-zagorska;Općina;Krapinske Toplice;HORVAT;HALAPIR;BELOŠEVIĆ;PLEČKO;SINKOVIĆ;HRŠAK;BELINA;JAGIĆ;FUČKAR;PLAHUTAR
Krapinsko-zagorska;Općina;Kumrovec;ŽUPANIĆ;BLAŽIČKO;SPORIŠ;IVEKOVIĆ;ANTOLIĆ;BROZ;KRAJCAR;PREKRATIĆ;BEZJAK;IVIĆ
Krapinsko-zagorska;Općina;Lobor;LABAŠ;MARKUŠ;HORVAT;SMETIŠKO;KUHARIĆ;VLAHEK;BEHIN;KRAJNIK;MIKAC;BENKOVIĆ
Krapinsko-zagorska;Općina;Mače;TUŠKAN;HERCEG;SEDLAR;SEDAK;BENČIĆ;TRČAK;HORVAT;SPEVEC;CERČIĆ;MUTAK
Krapinsko-zagorska;Općina;Marija Bistrica;GABUD;OZIMEC;MIKUŠ;HABAZIN;PRUGOVEČKI;BABIĆ;ČUKMAN;ŠIMUNEC;KOŽIĆ;ČUKELJ
Krapinsko-zagorska;Općina;Mihovljan;KLARIĆ;RISEK;GRADEČAK;KOVAČIĆ;VUČKOVIĆ;ERDELJA;PAVLEK;TUŠEK;PLUKAVEC;VUĐAN
Krapinsko-zagorska;Općina;Novi Golubovec;KRESONJA;ZEBEC;RISEK;BISTROVIĆ;BROZD;DELIJA;TUŠEK;BOBEK;SOKOLIĆ;KOS
Krapinsko-zagorska;Općina;Petrovsko;HRŠAK;POSLON;KUNŠTEK;LELJAK;PRESEČKI;POSLONČEC;PODGAJSKI;ŠKRNJUG;MUŽAR;BELAČIĆ
Krapinsko-zagorska;Općina;Radoboj;TUŠEK;POLJAK;CEROVEČKI;KISELJAK;ŠVALJEK;VIDOVIĆ;HORVAT;SAJKO;KOŠUTIĆ;POSPIŠ
Krapinsko-zagorska;Općina;Stubičke Toplice;ŠTURLAN;ZRINSKI;KRAŠEVAC;MLINARIĆ;BENGER;FRANJKOVIĆ;KRALJIĆ;GREDIČAK;PILSKI;BALAŠKO
Krapinsko-zagorska;Općina;Sveti Križ Začretje;PILJEK;MERKAŠ;MAJSEC;SINKOVIĆ;VUKIĆ;MIHOVILIĆ;ŠKREBLIN;ROGINIĆ;ŠĆURIC;ZUBIĆ
Krapinsko-zagorska;Općina;Tuhelj;ZANOŠKI;ŠURINA;HERCIGONJA;HERCEG;PAVLINIĆ;KOLMAN;TUŠAK;IVEKOVIĆ;ILIĆ;PUKLJAK
Krapinsko-zagorska;Općina;Veliko Trgovišće;KAHLINA;HORVATEK;BESEDNIK;KANCELJAK;PAVLINIĆ;ŠĆUKANEC;ŠKALEC;HALAMBEK;KRALJ;HORVAT
Krapinsko-zagorska;Općina;Zagorska Sela;ZGORELEC;LOJEN;JURAK;MAČEK;PREGLEJ;ŠIVAK;FISTRIĆ;STAROVEŠKI;HOHNJEC;KODRNJA
Krapinsko-zagorska;Općina;Zlatar-Bistrica;MIKULEC;PARADI;HOIĆ;LEŽAIĆ;FUTIVIĆ;BARTOLEK;GRŠIĆ;MARTINJAK;ŠUMAK;KORPAR
Sisačko-moslavačka; ;;KOVAČEVIĆ;JURIĆ;HORVAT;BOGDAN;PAVLOVIĆ;VUKOVIĆ;BABIĆ;PERKOVIĆ;MARIĆ;BOŽIĆ
Sisačko-moslavačka;Grad;Glina;JURKOVIĆ;CESTARIĆ;KAURIĆ;ROŽANKOVIĆ;ŽUGAJ;PETROVIĆ;PEREKOVIĆ;ŠANTEK;BABIĆ;MARTINOVIĆ
Sisačko-moslavačka;Grad;Hrvatska Kostajnica;GOVORČINOVIĆ;GALIĆ;KNEŽEVIĆ;PAVLOVIĆ;DIDOVIĆ;BOŽANOVIĆ;PETROVIĆ;ŠAPINA;JANIĆ;PETRIČEVIĆ
Sisačko-moslavačka;Grad;Kutina;BOGDAN;HORVAT;TURKALJ;KOVAČIĆ;BOŽIĆ;VUKOVIĆ;RENDULIĆ;BABIĆ;VIDOVIĆ;KRZNARIĆ
Sisačko-moslavačka;Grad;Novska;KOVAČEVIĆ;JURIĆ;BOŽIĆ;VUKOVIĆ;KOMLJENOVIĆ;GRGIĆ;KOZIĆ;ILIČIĆ;TUTIĆ;ČAVLOVIĆ
Sisačko-moslavačka;Grad;Petrinja;KOVAČEVIĆ;RADOŠEVIĆ;JURIĆ;VIDOVIĆ;LOVREKOVIĆ;MARIĆ;PAVIČIĆ;IVANOVIĆ;MARKOVIĆ;PEJAKOVIĆ
Sisačko-moslavačka;Grad;Sisak;PERKOVIĆ;NIKOLIĆ;KOVAČEVIĆ;HORVAT;KOVAČIĆ;JURIĆ;SERTIĆ;VUKOVIĆ;MARKOVIĆ;MARIĆ
Sisačko-moslavačka;Općina;Donji Kukuruzari;BRANDIĆ;BOROJEVIĆ;DUBRAVAC;BARIŠIĆ;JURIĆ;PETRIĆ;DRAGIČEVIĆ;MARIĆ;GALIĆ;BOŽANOVIĆ
Sisačko-moslavačka;Općina;Dvor;NIŠEVIĆ;RESANOVIĆ;BOROJEVIĆ;KNEŽEVIĆ;JOKA;MENIĆANIN;MILIČEVIĆ;ARBUTINA;ĐURIĆ;MILIĆ
Sisačko-moslavačka;Općina;Gvozd;MRAOVIĆ;CREVAR;MALOBABIĆ;PAVLOVIĆ;VUČINIĆ;TRKULJA;BEKIĆ;KUKULJ;SUČEVIĆ;ZORIĆ
Sisačko-moslavačka;Općina;Hrvatska Dubica;ĆORIĆ;KARAGIĆ;GLAVINIĆ;DUJMOVIĆ;JURIĆ;MIKIĆ;ABAZA;BLAŽEVIĆ;KRNIĆ;LONČAR
Sisačko-moslavačka;Općina;Jasenovac;ŠIMIČIĆ;JURIĆ;ČEVIZOVIĆ;DRAGIĆ;JUGOVIĆ;JAKOVLJEVIĆ;MARENIĆ;MILAŠINOVIĆ;KOZIĆ;VIDAKOVIĆ
Sisačko-moslavačka;Općina;Lekenik;SEVER;BALINČIĆ;ĆOSIĆ;SUČIĆ;CULOVIĆ;DUMBOVIĆ;KRNIC;DOMITROVIĆ;LUKAČEVIĆ;SKRBIN
Sisačko-moslavačka;Općina;Lipovljani;TISAJ;RADINOVIĆ;TURAS;MIRKOVIĆ;HORVAT;DUJIĆ;VINCENT;JURIĆ;TOŠ;DALENJAK
Sisačko-moslavačka;Općina;Majur;SOLOMUN;FILAR;BABIĆ;JAMIĆ;VUJČIĆ;CRNOJEVIĆ;GAVRIĆ;MATEKOVIĆ;CAGARIĆ;GARIĆ
Sisačko-moslavačka;Općina;Martinska Ves;POKAS;RADIĆ;ŠTERC;TUMPAK;DOVRANIĆ;MATLEKOVIĆ;POSILOVIĆ;BRLEČIĆ;IVANKOVIĆ;BRLIĆ
Sisačko-moslavačka;Općina;Popovača;BOGDAN;HORVAT;PLEŠE;MIŠKOVIĆ;RADMAN;TOMAC;JELAŠ;ŠARČEVIĆ;TUTIĆ;ĐUDARIĆ
Sisačko-moslavačka;Općina;Sunja;KLARIĆ;KOVAČEVIĆ;LONČAREVIĆ;KOLAR;KOLIĆ;MARIĆ;MILUNIĆ;SOVIĆ;BRNAD;KRAPLJAN
Sisačko-moslavačka;Općina;Topusko;ABRAMOVIĆ;VORKAPIĆ;ŽUGAJ;KUZMIĆ;KOVAČEVIĆ;RAKARIĆ;BAKIĆ;KAPAC;LIKAREVIĆ;PUTRIĆ
Sisačko-moslavačka;Općina;Velika Ludina;HORVAT;BOGDAN;PALAIĆ;LIDMILA;STOŠIĆ;BOŽIĆ;KOVAČIĆ;NOVAK;PETIR;ŠIROKI
Karlovačka; ;;CINDRIĆ;SALOPEK;PUŠKARIĆ;MIHALIĆ;VUKOVIĆ;BROZOVIĆ;MAGDIĆ;KATIĆ;RADOČAJ;ŠKRTIĆ
Karlovačka;Grad;Duga Resa;MIHALIĆ;POLOVIĆ;BIŠĆAN;STOJKOVIĆ;FUDURIĆ;KASUNIĆ;BENIĆ;PROTULIPAC;BELAVIĆ;ŠKRTIĆ
Karlovačka;Grad;Karlovac;CINDRIĆ;VUKOVIĆ;TUŠKAN;MIKŠIĆ;GORŠIĆ;GRČIĆ;JAKŠIĆ;FURAČ;MILČIĆ;PAVLOVIĆ
Karlovačka;Grad;Ogulin;SALOPEK;PUŠKARIĆ;STIPETIĆ;BROZOVIĆ;CINDRIĆ;TURKOVIĆ;VUČIĆ;BLAŠKOVIĆ;IVOŠEVIĆ;LUKETIĆ
Karlovačka;Grad;Ozalj;MIHALIĆ;GUŠTIN;FERENAC;MARKOVIĆ;LUKŠIĆ;ČULIG;BENKOVIĆ;BAKARIĆ;PULJAK;LUKEŽIĆ
Karlovačka;Grad;Slunj;CINDRIĆ;POŽEGA;MAGDIĆ;TURKALJ;ŠTEFANAC;OBAJDIN;JURČEVIĆ;RENDULIĆ;BOGOVIĆ;PAULIĆ
Karlovačka;Općina;Barilović;TRGOVČIĆ;MIHALIĆ;BOSILJEVAC;BIŠĆAN;ŠTEFANAC;SPUDIĆ;DOBRINIĆ;NOVOSEL;ŠKRTIĆ;GRČIĆ
Karlovačka;Općina;Bosiljevo;MATEŠA;KOLIĆ;TONKOVIĆ;ŠPEHAR;KASUNIĆ;ŠPELIĆ;LIPOŠĆAK;ŽUPAN;VRBANIĆ;ROŽIĆ
Karlovačka;Općina;Cetingrad;CINDRIĆ;MEDVED;BOGOVIĆ;KATIĆ;ŽALAC;JURČEVIĆ;LESAR;PAULIĆ;VALENTIĆ;JUKIĆ
Karlovačka;Općina;Draganić;BARKOVIĆ;JURČIĆ;JAZVAC;DOMLADOVAC;BENCETIĆ;GAŠPIĆ;HORVAT;BUJAN;BENE;RATAIĆ
Karlovačka;Općina;Generalski Stol;ŠKRTIĆ;KATIĆ;KASUNIĆ;HALAR;RADOČAJ;LAUŠ;KRIVAČIĆ;MOGUŠ;ŽIVČIĆ;BENIĆ
Karlovačka;Općina;Josipdol;BOŽIČEVIĆ;RENDULIĆ;BOKULIĆ;GRAČANIN;FRANJKOVIĆ;SABLJAK;MIHALJEVIĆ;BELANČIĆ;JURIČIĆ;TURKALJ
Karlovačka;Općina;Kamanje;RIBARIĆ;PRISELAC;LADIKA;NOVOSEL;IVANČIĆ;MATEŠIĆ;PERIĆAK;KLEMENIĆ;MATELJAN;BORKOVIĆ
Karlovačka;Općina;Krnjak;MAĆEŠIĆ;BUNČIĆ;MATIJEVIĆ;MILJENOVIĆ;BOŽIĆ;VUGDRAGOVIĆ;DUDUKOVIĆ;DOBROSAVLJEVIĆ;ŽIVKOVIĆ;SRDIĆ
Karlovačka;Općina;Lasinja;ŠPIŠIĆ;BRITVEC;MARKULIN;BRAIM;VUKSAN;MASLAK;OREČIĆ;BUSAK;TOPOLNJAK;MRVAC
Karlovačka;Općina;Netretić;FRKETIĆ;IVŠIĆ;NOVOSEL;LORKOVIĆ;POGAČIĆ;PETRUNIĆ;SPUDIĆ;MARADIN;IVANČIĆ;TRUPKOVIĆ
Karlovačka;Općina;Plaški;KOSANOVIĆ;GRBA;JOSIPOVIĆ;ŠUPICA;ŠUMONJA;VUKAS;VUKELIĆ;TRBOJEVIĆ;ŠUŠNJAR;PEŠUT
Karlovačka;Općina;Rakovica;HODAK;BIĆANIĆ;ŠPEHAR;TURKALJ;VUKOVIĆ;SABLJAK;RENDULIĆ;BRAJDIĆ;ŠEBALJ;KRIZMANIĆ
Karlovačka;Općina;Ribnik;DOLINAR;CAR;TOMAŠIĆ;NOVOSEL;JARMEK;SOPČIĆ;ŽELJEŽNJAK;CIGIĆ;BLAŽEVIĆ;Z
Karlovačka;Općina;Saborsko;MATOVINA;VUKOVIĆ;ŠPEHAR;SERTIĆ;BIĆANIĆ;KRIZMANIĆ;HODAK;GRDIĆ;KOVAČIĆ;OGRIZOVIĆ
Karlovačka;Općina;Tounj;PRIBANIĆ;BRLETIĆ;CAPAN;SKOČIĆ;FUMIĆ;REBROVIĆ;LJUBANOVIĆ;DRAŠKOVIĆ;JURAIĆ;MEAŠIĆ
Karlovačka;Općina;Vojnić;BIJELIĆ;MATIJEVIĆ;MARTINOVIĆ;ŠABIĆ;LONČAR;TUTIĆ;ZARIFOVIĆ;JOSIPOVIĆ;KARTALIJA;JURKIĆ
Karlovačka;Općina;Žakanje;RADMAN;RAHIJA;BUKOVAC;CRNIĆ;KOLIĆ;MAJHAN;BOLDIN;REHORIĆ;MIHELIĆ;RIBARIĆ
Varaždinska; ;;HORVAT;NOVAK;KOVAČIĆ;POSAVEC;PLANTAK;BIŠKUP;PINTARIĆ;HORVATIĆ;LAZAR;SLUNJSKI
Varaždinska;Grad;Ivanec;HRANIĆ;FRIŠČIĆ;VIDAČEK;SEVER;ROGINA;MUDRI;GOTAL;MARKOVIĆ;PETAK;BREGOVIĆ
Varaždinska;Grad;Lepoglava;HUSNJAK;DUBOVEČAK;ŽUPANIĆ;KRIŽANEC;BISTROVIĆ;JUG;ČRETNI;MAČEK;PINTARIĆ;DUKARIĆ
Varaždinska;Grad;Ludbreg;HORVAT;NOVAK;KOLAK;GLOŽINIĆ;HAVAIĆ;KOVAČIĆ;BAČANI;MATIJAŠEC;KRIŽANIĆ;GRABARIĆ
Varaždinska;Grad;Novi Marof;KOPJAR;ŽUGEC;MEŠTRIĆ;HORVAT;KOŠĆAK;SLUNJSKI;BENJAK;PUŠKADIJA;ĐURIN;RABUZIN
Varaždinska;Grad;Varaždin;HORVAT;NOVAK;KOCIJAN;KOVAČIĆ;BOGOVIĆ;PLANTAK;LABAŠ;PINTARIĆ;TOMAŠKOVIĆ;POSAVEC
Varaždinska;Grad;Varaždinske Toplice;HORVAT;POKOS;BEŠENIĆ;POSAVEC;RATKOVIĆ;DVORSKI;HUZJAK;PRSTEC;VUK;BALAŽINEC
Varaždinska;Općina;Bednja;HRANJ;JAGARINEC;DUKARIĆ;POLANČEC;HOJSAK;GALINEC;GAŠPARIĆ;GRABAR;TUŠEK;DUBOVEČAK
Varaždinska;Općina;Beretinec;HORVAT;PLANTAK;ŽGANEC;KUŠTER;BLAŽI;KAPEŠ;LISIČAK;ŠINKO;NOVOSELEC;HUĐEK
Varaždinska;Općina;Breznica;ŠARGAČ;ANDRAŠEK;ROGINEK;MRAZOVIĆ;LONČAREK;MATAK;KLASIĆ;TRGLAČNIK;MARGETIĆ;ŽEŽELJ
Varaždinska;Općina;Breznički Hum;HORVAT;IVANČAN;KOŽIĆ;SEKOVANIĆ;ŠAFRAN;VNUČEC;KUZMIĆ;HRKOVIĆ;ČRLENEC;VRBANEC
Varaždinska;Općina;Cestica;LAZAR;BORAK;MAJHEN;FURJAN;HUTINSKI;KOKOT;ŽUPANIĆ;KOROTAJ;IVANČIĆ;ORŠOŠ
Varaždinska;Općina;Donja Voća;BOLČEVIĆ;STOLNIK;KUKEC;PREMUŽIĆ;MARTAN;PATRČEVIĆ;KOMES;KANJIR;MEDENJAK;ŠVETAK
Varaždinska;Općina;Gornji Kneginec;KANIŠKI;HORVATIĆ;VITEZ;KERETIĆ;CVEK;VUGRINEC;HORVAT;MEDVED;LEVATIĆ;ČURILA
Varaždinska;Općina;Jalžabet;HORVAT;MAGIĆ;NOVOSEL;VUKOVIĆ;MLINARIĆ;NOVAK;SAČIĆ;FILIPAŠIĆ;KOVAČIĆ;PAVLIČEVIĆ
Varaždinska;Općina;Klenovnik;BUNIĆ;PINTARIĆ;SREDNOSELEC;GOLUB;OREŠKI;GLADOVIĆ;ŠARKO;OŠTARJAŠ;KRUHOBEREC;LAZAR
Varaždinska;Općina;Ljubešćica;SAKAČ;GOTIĆ;ŠPANIĆ;MIKULČIĆ;IVANUŠEC;HORVATIĆ;ŠTRIGA;TOMIEK;ŽUGEC;DVORSKI
Varaždinska;Općina;Mali Bukovec;KOVAČEK;GOLUBIĆ;POVIJAČ;ŠAFAREK;MARTINKOVIĆ;HORVAT;REPIĆ;GOLEC;ŠALAMON;MUŽIC
Varaždinska;Općina;Martijanec;HORVAT;VUK;KRUŠEC;JAGIĆ;POSAVEC;VRUČINA;HUZJAK;BENDELJA;KEŽMAN;ŠPOLJARIĆ
Varaždinska;Općina;Maruševec;PEHARDA;MARTINČEVIĆ;KORPAR;MOŽANIĆ;ŠTRLEK;LONČAR;VRBANEC;POSAVEC;BAHUN;CERJAN
Varaždinska;Općina;Petrijanec;ORŠOŠ;KALANJOŠ;KRANJČIĆ;ŠINCEK;KIŠIĆ;LESKOVAR;KOŠIĆ;JOVAN;HERCEG;HORVAT
Varaždinska;Općina;Sračinec;PLANTAK;LIBER;DROŽĐEK;KOVAČIĆ;LEVANIĆ;KRIŽANEC;CRNČEC;FLEGAR;ŠMIC;MIKO
Varaždinska;Općina;Sveti Đurđ;HORVAT;STANČIN;BAČANI;NOVAK;KRUŠELJ;BAHAT;SAČER;ŠTABI;KOVAČIĆ;KOVAČEK
Varaždinska;Općina;Sveti Ilija;BOSILJ;SOKOL;PTIČEK;CEPANEC;BLAŽI;MARTINEZ;KEFELJA;BARULEK;MIKIĆ;BANIĆ
Varaždinska;Općina;Trnovec Bartolovečki;SKUPNJAK;MIŠAK;VUGRINEC;TUĐAN;NOVAK;NOVOSEL;HRMAN;MAGIĆ;HORVAT;MIKULIĆ
Varaždinska;Općina;Veliki Bukovec;ŠTEFANEC;TRIPLAT;ZDELAR;IVANČIĆ;POVIJAČ;HRUPEC;SMONTARA;JAKOPČIN;VRBANIĆ;OREHOVEC
Varaždinska;Općina;Vidovec;POZDER;CAFUK;HOSNI;NOVAK;TEŽAK;MAŠIĆ;KOVAČIĆ;ZAGOREC;KOŠIĆ;GRĐAN
Varaždinska;Općina;Vinica;ŠIPEK;LAZAR;KOVAČIĆ;PAJTAK;LESKOVAR;PUNČEC;TOT;ŽMEGAČ;BOLTEK;KELEMEN
Varaždinska;Općina;Visoko;KUZMIĆ;HADROVIĆ;STRIČAK;MATEKOVIĆ;POMPER;BUKAL;HEGEDIĆ;HUZJAK;ŠKRPEC;PETRINJAK
Koprivničko-križevačka; ;;HORVAT;KOVAČIĆ;POSAVEC;KOVAČ;SOKAČ;LONČAR;GOLUBIĆ;KOLARIĆ;NOVAK;KOLAR
Koprivničko-križevačka;Grad;Đurđevac;HORVAT;FUČEK;PATAČKO;BOGDAN;ORŠUŠ;SELEŠ;KOLAR;KOVAČIĆ;ORŠOŠ;PLEŠKO
Koprivničko-križevačka;Grad;Koprivnica;HORVAT;KOVAČIĆ;POSAVEC;KOVAČ;GAŠPARIĆ;NOVAK;PINTARIĆ;LONČARIĆ;KOLAR;LONČAR
Koprivničko-križevačka;Grad;Križevci;HORVAT;SOKAČ;CRNČIĆ;ŠVAGELJ;STRUČIĆ;BABIĆ;VIŠAK;NOVOSEL;MEĐIMOREC;LUKAČIĆ
Koprivničko-križevačka;Općina;Drnje;KOVAČIĆ;KUZMIĆ;MATIJAŠIĆ;VAROVIĆ;ORŠUŠ;ŠTEFANEC;FONJAK;MIKULEC;DOMBAJ;HORVAT
Koprivničko-križevačka;Općina;Đelekovec;KADIJA;VULJAK;LONČAR;CMRK;HORVAT;FIČKO;FRIŠČIĆ;ĐURETA;SABOL;POSAVEC
Koprivničko-križevačka;Općina;Ferdinandovac;FUČEK;MALETIĆ;HRVOIĆ;TOMAŠEK;IVANDIJA;MEĐUREČAN;PATAČKO;PLEŠKO;TURBELIJA;ŠČUKA
Koprivničko-križevačka;Općina;Gola;BOGADI;HORVAT;MEHKEK;PREMEC;ŠIMEG;ŠESTAK;HALAVUK;GRČIĆ;SINJERI;ZLATAR
Koprivničko-križevačka;Općina;Gornja Rijeka;HORVAT;ĐURINIĆ;KOS;NEMČIĆ;ZIDARIĆ;BEREND;ORAK;HASANEC;SRBLJINOVIĆ;ŠATVAR
Koprivničko-križevačka;Općina;Hlebine;HORVAT;RITOŠA;BELEC;DOLENEC;IMBRIOVČAN;MEĐIMOREC;SENKOVIĆ;KOLAREK;KOLARIĆ;TALAN
Koprivničko-križevačka;Općina;Kalinovac;SOBOTA;DAUTANEC;GOLUBIĆ;MIKLIĆ;JANKOVIĆ;MATICA;ZVONAR;LACKOVIĆ;ŠOKEC;AURER
Koprivničko-križevačka;Općina;Kalnik;SOKAČ;RADIĆ;KORETIĆ;CAR;ĐUREC;NEMEC;MARKOVIĆ;RADIČEK;DENŽIĆ;GOLUB
Koprivničko-križevačka;Općina;Kloštar Podravski;RADELIĆ;IVANOVIĆ;HORVAT;JELUŠIĆ;BAN;BUGARINOVIĆ;DOMOVIĆ;KOVAČIĆ;GOLUBIĆ;BELEC
Koprivničko-križevačka;Općina;Koprivnički Bregi;HORVAT;KOVAČ;PEROKOVIĆ;GAŠPARIĆ;KRAPINEC;MIJATOVIĆ;PRVČIĆ;BLAŽEKOVIĆ;GORIČANEC;TUŠEK
Koprivničko-križevačka;Općina;Koprivnički Ivanec;JAKUPIĆ;VRABELJ;LONČAR;KOVAČ;BEBEK;MEDVARIĆ;ČEVIS;BESTEN;HORVAT;SALAJEC
Koprivničko-križevačka;Općina;Legrad;HORVAT;CVETNIĆ;POSAVEC;ŽIVKO;KUČAN;MEĐIMOREC;VARGA;JAZVEC;BOGDAN;GABAJ
Koprivničko-križevačka;Općina;Molve;IVANČAN;ŽUFIKA;CENKOVČAN;JAKOVIĆ;KOPRIČANEC;GAZDEK;VINCEK;HONTIĆ;KRZNARIĆ;KOLARIĆ
Koprivničko-križevačka;Općina;Novigrad Podravski;ŠIMUNIĆ;TRNSKI;VEDRIŠ;MIHOKOVIĆ;POSAVEC;BALOG;ŠESTAK;KOVAČ;ORŠUŠ;PETRAS
Koprivničko-križevačka;Općina;Novo Virje;VRANIĆ;CIK;ŽIVKO;MARKOV;TURČIĆ;LUKANEC;HRŽENJAK;MESAROV;BABEC;CAREK
Koprivničko-križevačka;Općina;Peteranec;ORŠOŠ;BLAŽEK;HORVAT;BALOG;GAŽI;BETLEHEM;BARČANEC;MAJDAK;BLAŽOTIĆ;GOLUBIĆ
Koprivničko-križevačka;Općina;Podravske Sesvete;TUDIĆ;DEREŽIĆ;ŠERBEĐIJA;POSAVEC;BRATANOVIĆ;REP;VLAŠIĆ;KARŠIĆ;KOVAČIĆ;CUGOVČAN
Koprivničko-križevačka;Općina;Rasinja;HORVAT;ĐURAŠEVIĆ;KOVAČIĆ;MIKULINJAK;HERAK;GRUBAČEVIĆ;MILOŠEVIĆ;SMOLJANOVIĆ;ZRINSKI;GOJKOVIĆ
Koprivničko-križevačka;Općina;Sokolovac;HORVAT;RAJN;KRNJAK;JAKRLIN;HANŽEKOVIĆ;JELAK;KOLARIĆ;KNAPIĆ;SMILJANOVIĆ;JUG
Koprivničko-križevačka;Općina;Sveti Ivan Žabno;MEDAČ;KOŠČEVIĆ;LOVREKOVIĆ;MAKSIĆ;KOVAČEVIĆ;FERENČINA;KOLARIĆ;GAŠI;HABIJANEC;LALIĆ
Koprivničko-križevačka;Općina;Sveti Petar Orehovec;HORVAT;MIKLEČIĆ;MARENČIĆ;BLAGAJ;KUŠEC;VIŠAK;POLJAK;BENČAK;MIKEC;MEKOVEC
Koprivničko-križevačka;Općina;Virje;HORVAT;HRŽENJAK;LJUBIĆ;CIK;POSAVEC;LUKIĆ;ŠIGNJAR;GRIVIĆ;MESAROV;MARČINKO
Bjelovarsko-bilogorska; ;;HORVAT;KOVAČEVIĆ;GRGIĆ;JOZIĆ;KOVAČ;MATIĆ;TOMIĆ;KOVAČIĆ;JAKOVIĆ;JURIĆ
Bjelovarsko-bilogorska;Grad;Bjelovar;HORVAT;JOZIĆ;KOVAČEVIĆ;ĆURIĆ;KOVAČ;KOZIĆ;ĐURĐEVIĆ;KOVAČIĆ;JURIĆ;JANKOVIĆ
Bjelovarsko-bilogorska;Grad;Čazma;KUPSJAK;KOVAČEVIĆ;BRADIĆ;BLAŽEKOVIĆ;RAVLIĆ;SALAJ;PAVLOVIĆ;PIRŠLJIN;VINCEKOVIĆ;VUKOVIĆ
Bjelovarsko-bilogorska;Grad;Daruvar;HORVAT;KOVAČIĆ;KOVAČEVIĆ;HORAK;ŠEPL;MARIĆ;POLENUS;ZEC;MARKOVIĆ;LUKIĆ
Bjelovarsko-bilogorska;Grad;Garešnica;HORVAT;RIJETKOVIĆ;POPOVIĆ;ŠAJNOVIĆ;UGARKOVIĆ;BOSANAC;JOVANOVIĆ;PETROVIĆ;MLINARIĆ;TUTIĆ
Bjelovarsko-bilogorska;Grad;Grubišno Polje;HORVAT;HORAK;FRANTAL;KALANJOŠ;BUKOVAC;HARAUZEK;MATKOVIĆ;TUČEK;GLOC;DIMAČ
Bjelovarsko-bilogorska;Općina;Berek;MODRIĆ;ABRAMOVIĆ;ŠENIJA;GOLEŠ;HERCEG;BUGARINOVIĆ;BERIŠA;ROGIĆ;FRŽIĆ;MIKULIĆ
Bjelovarsko-bilogorska;Općina;Dežanovac;ILINOVIĆ;GRGIĆ;PEJAZIĆ;BLIZNAC;BOROJEVIĆ;PIHIR;DOLEŽAL;BATKOVIĆ;MARIĆ;VALEČIĆ
Bjelovarsko-bilogorska;Općina;Đulovac;JAKOVIĆ;MATIĆ;TOMIĆ;JOZIĆ;TUNIĆ;GEGIĆ;IVIĆ;NIKOLIĆ;KOLIĆ;ĐORĐEVIĆ
Bjelovarsko-bilogorska;Općina;Hercegovac;MIHALIĆ;JURČIĆ;CINDRIĆ;JURČEVIĆ;HORVAT;VALENTIĆ;BOSANAC;OBROVAC;MARINKOVIĆ;STEPIĆ
Bjelovarsko-bilogorska;Općina;Ivanska;KRIŽAN;CINDRIĆ;TARITAŠ;JAMBRUŠIĆ;MEDVED;BARIĆ;VALENTIĆ;ĐURIČIĆ;JUKIĆ;MAJCAN
Bjelovarsko-bilogorska;Općina;Kapela;KOVAČ;GEGIĆ;HORVAT;MATIĆ;MIROSAVLJEVIĆ;SREBRENOVIĆ;MIHALINEC;BLAŽEKOVIĆ;CINDRIĆ;CRNJAK
Bjelovarsko-bilogorska;Općina;Končanica;HEROUT;KLIGL;MIJATOVIĆ;BARTOŠ;FINEK;TOMAŠEK;LUKAŠ;LIBER;KOČI;MATINA
Bjelovarsko-bilogorska;Općina;Nova Rača;JUKIĆ;ŽABJAČAN;VALENTIĆ;HANŽEVAČKI;VLAHOVIĆ;BENGEZ;MARKAJ;GRGIĆ;MATKOVIĆ;IVANČIĆ
Bjelovarsko-bilogorska;Općina;Rovišće;JOZIĆ;JAKOVIĆ;DOMINKOVIĆ;FILIĆ;GEGIĆ;GRGIĆ;MATIĆ;TOMIĆ;TUNIĆ;KOVAČEVIĆ
Bjelovarsko-bilogorska;Općina;Severin;JAKOPOVIĆ;KOVAČ;KOVAČIĆ;MITROVIĆ;KESER;KOS;POSAVAC;ŠEREPEC;GAŠPAROVIĆ;MOROSAVLJEVIĆ
Bjelovarsko-bilogorska;Općina;Sirač;PLAŽANIN;KARLOVIĆ;ŽUGER;GRGIĆ;PETRAN;SUPAN;RENDIĆ;CRNKOVIĆ;KOVAČEVIĆ;VUJIĆ
Bjelovarsko-bilogorska;Općina;Šandrovac;RADELIĆ;STOJČEVIĆ;KRASNIĆ;DEKALIĆ;BEDEKOVIĆ;PEREC;DOMITROVIĆ;ZDELAR;GAŠPARAC;MALVIĆ
Bjelovarsko-bilogorska;Općina;Štefanje;ŠTEFOVIĆ;FORJAN;DONČEVIĆ;IVANOVIĆ;JEŽIĆ;HRLIĆ;NOVAKOVIĆ;BOŽIĆ;MAJUREC;FILIPOVIĆ
Bjelovarsko-bilogorska;Općina;Velika Pisanica;KOVAČ;JURIŠIĆ;FILIPOVIĆ;BUČAJ;GELENČIR;PRENKAJ;BUDROVČAN;BRNJAKOVIĆ;HORVAT;IVANOVIĆ
Bjelovarsko-bilogorska;Općina;Velika Trnovitica;ČUKMAN;PLANTEK;BOGDAN;PAVLEK;SKENDER;VARGA;KLIMEŠ;KOSAR;ŠIPRAK;ARŽEK
Bjelovarsko-bilogorska;Općina;Veliki Grđevac;BENIĆ;KOMLJENOVIĆ;PAVIĆ;ŠENOLT;KIRIN;STANKIĆ;PAVLEČIĆ;MATIĆ;PEHAČEK;UĐBINAC
Bjelovarsko-bilogorska;Općina;Veliko Trojstvo;KOVAČ;BAČAK;ŠABIĆ;FILIPAN;SABOLOVIĆ;JURIĆ;GRBAČIĆ;MATIJEVIĆ;KRANŽELIĆ;ŽIVODER
Bjelovarsko-bilogorska;Općina;Zrinski Topolovac;KOVAČEVIĆ;MUŽINA;SUDAŠ;KRANJEC;ŠOSTARIC;SMRČEK;BLAŽEKOVIĆ;ĆIBARIĆ;TURČIĆ;ŠKROBOT
Primorsko-goranska; ;;BABIĆ;TOMIĆ;KOVAČEVIĆ;PETROVIĆ;ŠTIMAC;KNEŽEVIĆ;RUŽIĆ;GRGURIĆ;MALNAR;JOVANOVIĆ
Primorsko-goranska;Grad;Bakar;MIČETIĆ;POLIĆ;RUŽIĆ;CUCULIĆ;FRANČIŠKOVIĆ;KRUŽIĆ;PAVLETIĆ;VIDAS;ŠUBAT;BABIĆ
Primorsko-goranska;Grad;Cres;KUČIĆ;TOIĆ;MUŽIĆ;SAGANIĆ;KUČICA;VELČIĆ;SURDIĆ;DEŽELIĆ;FILIPAS;SABLIĆ
Primorsko-goranska;Grad;Crikvenica;CAR;ANTIĆ;LONČARIĆ;DOMIJAN;MANESTAR;GRBČIĆ;JELIČIĆ;JURIĆ;MATEJČIĆ;GAŠPAROVIĆ
Primorsko-goranska;Grad;Čabar;MALNAR;ŽAGAR;TURK;KOVAČ;OŽBOLT;JANEŠ;VOLF;LIPOVAC;KLEPAC;ŠTIMAC
Primorsko-goranska;Grad;Delnice;ŠTIMAC;PLEŠE;MAJNARIĆ;TOMAC;MIHELČIĆ;GAŠPARAC;KEZELE;RAČKI;MALNAR;ABRAMOVIĆ
Primorsko-goranska;Grad;Kastav;RUBEŠA;BABIĆ;JURČIĆ;DUKIĆ;GRBAC;FRLAN;JARDAS;JELOVICA;MILIH;ĆIKOVIĆ
Primorsko-goranska;Grad;Kraljevica;TURINA;GRUBIŠIĆ;BURIĆ;ČANDRLIĆ;JURETIĆ;DEVČIĆ;POLIĆ;KUČAN;PERANIĆ;GUDAC
Primorsko-goranska;Grad;Krk;KOSIĆ;ŽUŽIĆ;MRAKOVČIĆ;BAJČIĆ;DEPIKOLOZVANE;JUREŠIĆ;MRŠIĆ;BRUSIĆ;ŽIC;PRENDIVOJ
Primorsko-goranska;Grad;Mali Lošinj;KUČIĆ;MUŽIĆ;NIKOLIĆ;MUŠKARDIN;SAGANIĆ;TOIĆ;PICINIĆ;ABDIJA;DUMENČIĆ;KOMADINA
Primorsko-goranska;Grad;Novi Vinodolski;JOVANOVIĆ;BUTKOVIĆ;MATAIJA;TOMIĆ;BUTORAC;CVITKOVIĆ;RUBČIĆ;BARIČEVIĆ;KOMADINA;BUNETA
Primorsko-goranska;Grad;Opatija;ANIČIĆ;KINKELA;PUŽ;KORIĆ;RUMAC;ŽIGULIĆ;SUŠANJ;BRUMNJAK;HLANUDA;SLAVIĆ
Primorsko-goranska;Grad;Rab;DEBELIĆ;VIDAS;BEG;RIBARIĆ;MATUŠAN;PAHLJINA;ŠPANJOL;KORDIĆ;KAŠTELAN;ŠIMIČIĆ
Primorsko-goranska;Grad;Rijeka;BABIĆ;KOVAČEVIĆ;KNEŽEVIĆ;PETROVIĆ;TOMIĆ;VUKELIĆ;FUĆAK;MARIĆ;MARKOVIĆ;FILIPOVIĆ
Primorsko-goranska;Grad;Vrbovsko;MAMULA;TRBOVIĆ;VUJNOVIĆ;KOSANOVIĆ;VUČINIĆ;BOŽIĆ;MRVOŠ;JAKŠIĆ;VRBANAC;ŠTEFANAC
Primorsko-goranska;Općina;Baška;SERŠIĆ;DUJMOVIĆ;DORČIĆ;ČUBRANIĆ;BARBALIĆ;HRABRIĆ;ŠTEFANIĆ;DERENČINOVIĆ;TOMAŠIĆ;JURANIĆ
Primorsko-goranska;Općina;Brod Moravice;JURKOVIĆ;CRNKOVIĆ;BRAJDIĆ;HUDOROVIĆ;JAKOVAC;DELAČ;KRULJAC;RAČKI;GRGURIĆ;KVATERNIK
Primorsko-goranska;Općina;Čavle;ČARGONJA;ŽEŽELIĆ;PERUŠIĆ;MAVRINAC;LINIĆ;FUĆAK;MICULINIĆ;ZAHARIJA;MOHORIĆ;HLAČA
Primorsko-goranska;Općina;Dobrinj;GRŽETIĆ;KIRINČIĆ;CRNČIĆ;JUSTINIĆ;DUNATO;JELENOVIĆ;PAVAČIĆ;GRDINIĆ;BRUSIĆ;ŠAMANIĆ
Primorsko-goranska;Općina;Fužine;STARČEVIĆ;KAUZLARIĆ;RADOŠEVIĆ;KOVAČEVIĆ;MIHALJEVIĆ;VLAHOVIĆ;BUDISELIĆ;MILOŠ;ČEBUHAR;MILOŠEVIĆ
Primorsko-goranska;Općina;Jelenje;JURETIĆ;BAN;KUKULJAN;PETROVIĆ;MARŠANIĆ;ZORETIĆ;RELJAC;ZAHARIJA;KLIĆ;RADETIĆ
Primorsko-goranska;Općina;Klana;RASPOR;GRŽINČIĆ;SIMČIĆ;ŠEBELJA;LAGINJA;VALENČIĆ;ISKRA;MEDVEDIĆ;MRVČIĆ;BARAK
Primorsko-goranska;Općina;Kostrena;VUKUŠIĆ;VRANIĆ;GLAŽAR;DUNDOVIĆ;PEROVIĆ;BABIĆ;DEVČIĆ;BARIČEVIĆ;DUJMIĆ;MIŠKULIN
Primorsko-goranska;Općina;Lokve;ČOP;MIHELČIĆ;BOLF;GRGURIĆ;ŠTIMAC;MALNAR;ŠTIGLIĆ;JAKOVAC;PETELIN;PLEŠE
Primorsko-goranska;Općina;Lopar;MATAHLIJA;PAPARIĆ;ŠKARIĆ;PEĆARINA;IVČE;ANDREŠKIĆ;PIČULJAN;JAKUC;BORIĆ;IVANIĆ
Primorsko-goranska;Općina;Lovran;KRŠANAC;RUBINIĆ;SIROTNJAK;MIHALIĆ;GRŽIN;LAZARIĆ;KOŽUL;BRUBNJAK;MARTINČIĆ;NEGRIĆ
Primorsko-goranska;Općina;Malinska-Dubašnica;BOGOVIĆ;DUJMOVIĆ;KRALJIĆ;MILČETIĆ;TURČIĆ;HRŽIĆ;KIRINČIĆ;BARBIŠ;ŽGOMBIĆ;ŽUŽIĆ
Primorsko-goranska;Općina;Matulji;KINKELA;STANIĆ;SUŠANJ;SIMČIĆ;RUŽIĆ;ŠEPIĆ;SLAVIĆ;PUŽ;SANKOVIĆ;TURKOVIĆ
Primorsko-goranska;Općina;Mošćenička Draga;RUBINIĆ;GALOVIĆ;BARKOVIĆ;ŠKALAMERA;BRADIČIĆ;LAZARIĆ;BRUBNJAK;DETAN;FRANKOVIĆ;MARKOVIĆ
Primorsko-goranska;Općina;Mrkopalj;TOMIĆ;JAKOVAC;CRNIĆ;GRGURIĆ;STARČEVIĆ;FAK;TADEJEVIĆ;ŠPORER;BROZOVIĆ;RADOŠEVIĆ
Primorsko-goranska;Općina;Omišalj;KRALJIĆ;ILIJIĆ;HUDOROVIĆ;JAKOMINIĆ;KIRINČIĆ;ŽUVIĆ;BRUSIĆ;SPICIJARIĆ;VIDOVIĆ;KATAVA
Primorsko-goranska;Općina;Punat;ŽIC;ORLIĆ;MRAKOVČIĆ;KARABAIĆ;BONIFAČIĆ;FRANOLIĆ;SINDIČIĆ;MARAČIĆ;BRUSIĆ;GALJANIĆ
Primorsko-goranska;Općina;Ravna Gora;GRGURIĆ;SVETLIČIĆ;JANEŠ;TROHA;BURIĆ;JAKOVAC;MANCE;PODOBNIK;LIKER;PLEŠE
Primorsko-goranska;Općina;Skrad;GRGURIĆ;CRNKOVIĆ;MANCE;JURKOVIĆ;ŠTIMAC;BELJAN;RAČKI;ABRAMOVIĆ;PODNAR;ŽAGAR
Primorsko-goranska;Općina;Vinodolska općina;ANTONIĆ;BARAC;GAŠPAROVIĆ;TONKOVIĆ;KLARIĆ;JERČINOVIĆ;SPOJA;KNEZ;KRŠUL;TUS
Primorsko-goranska;Općina;Viškovo;BABIĆ;LUČIĆ;MLADENIĆ;SUŠANJ;MARČELJA;KNEŽEVIĆ;KOVAČEVIĆ;ŠIROLA;MARIĆ;FILIPOVIĆ
Primorsko-goranska;Općina;Vrbnik;VOLARIĆ;POLONIJO;TOLJANIĆ;BRUSIĆ;JUSTIĆ;PAVAN;GRŠKOVIĆ;DMINIĆ;ČUBRANIĆ;VALKOVIĆ
Ličko-senjska; ;;RUKAVINA;PRPIĆ;OREŠKOVIĆ;TOMLJANOVIĆ;VUKELIĆ;DEVČIĆ;NEKIĆ;JURKOVIĆ;KOSTELAC;MARKOVIĆ
Ličko-senjska;Grad;Gospić;RUKAVINA;STARČEVIĆ;BRKLJAČIĆ;STILINOVIĆ;ĆAĆIĆ;DOŠEN;MARKOVIĆ;RADOŠEVIĆ;MILINKOVIĆ;ŽUPAN
Ličko-senjska;Grad;Novalja;ŠKUNCA;DABO;PERANIĆ;ZUBOVIĆ;VIDAS;BADURINA;KUSTIĆ;ŠULJIĆ;DATKOVIĆ;ŠANKO
Ličko-senjska;Grad;Otočac;OREŠKOVIĆ;KOSTELAC;MATASIĆ;TONKOVIĆ;JURKOVIĆ;DUJMOVIĆ;CVITKOVIĆ;BURIĆ;BRAJKOVIĆ;MARKOVIĆ
Ličko-senjska;Grad;Senj;TOMLJANOVIĆ;PRPIĆ;NEKIĆ;BIONDIĆ;VUKELIĆ;KRMPOTIĆ;DEVČIĆ;SAMARŽIJA;LOPAC;BABIĆ
Ličko-senjska;Općina;Brinje;PERKOVIĆ;MESIĆ;KRZNARIĆ;BORIĆ;SERTIĆ;VRANIĆ;PAVLOVIĆ;VUKOVIĆ;RAJKOVIĆ;DRAŽENOVIĆ
Ličko-senjska;Općina;Donji Lapac;MEDIĆ;RAŠETA;POPOVIĆ;ĐUKIĆ;REPAC;BALAĆ;OBRADOVIĆ;BAJIĆ;OPAČIĆ;BUBALO
Ličko-senjska;Općina;Karlobag;VRBAN;BAČIĆ;TOMLJENOVIĆ;VUKIĆ;DEVČIĆ;SMOJVER;ŠIKIĆ;MILETIĆ;DOŠEN;PAVIČIĆ
Ličko-senjska;Općina;Lovinac;KRPAN;PAVELIĆ;BRAJKOVIĆ;PAVIČIĆ;MILETIĆ;SEKULIĆ;TOMIČIĆ;ŽUPAN;RAČIĆ;VRKLJAN
Ličko-senjska;Općina;Perušić;HEĆIMOVIĆ;RUKAVINA;MILKOVIĆ;JURKOVIĆ;MURGIĆ;DASOVIĆ;KLOBUČAR;VUKELIĆ;ŠPOLJARIĆ;JURIŠIĆ
Ličko-senjska;Općina;Plitvička Jezera;BIĆANIĆ;DRAKULIĆ;VUKOVIĆ;PRICA;LUKETIĆ;ŽIGIĆ;HODAK;MATOVINA;ŠPEHAR;ŠPOLJARIĆ
Ličko-senjska;Općina;Udbina;VUKOBRATOVIĆ;RADOČAJ;UZELAC;CVJETIĆANIN;PERKOVIĆ;MOMČILOVIĆ;BASTA;RADAKOVIĆ;KNEŽEVIĆ;MARIĆ
Ličko-senjska;Općina;Vrhovine;HINIĆ;ČUDIĆ;DELIĆ;VUKMIROVIĆ;BOGDANOVIĆ;IVANČEVIĆ;UZELAC;BRAKUS;BIGA;STOJANOVIĆ
Virovitičko-podravska; ;;HORVAT;KOVAČ;KOVAČEVIĆ;ŠPOLJARIĆ;BLAŽEVIĆ;VUKOVIĆ;IVANOVIĆ;MOSLAVAC;KNEŽEVIĆ;BOŠNJAK
Virovitičko-podravska;Grad;Orahovica;POLJAK;BOLJKOVAC;MANDIĆ;KOVAČ;VULIĆ;NEKIĆ;JURLINA;MATEK;PERKOVIĆ;MARIČIĆ
Virovitičko-podravska;Grad;Slatina;MEDVED;HORVAT;KOKORIĆ;JUKIĆ;GRAHOVAC;KOVAČEVIĆ;KOVAČ;KLEMENT;RADOČAJ;MIKIĆ
Virovitičko-podravska;Grad;Virovitica;HORVAT;KOVAČEVIĆ;KOVAČ;MOSLAVAC;BLAŽEVIĆ;BIONDIĆ;VUKOVIĆ;PETROVIĆ;TOMLJANOVIĆ;ĐURĐEVIĆ
Virovitičko-podravska;Općina;Crnac;ŠPOLJARIĆ;BOŠNJAK;GRGURIĆ;SUDARIĆ;MAJETIĆ;GOLIK;VIDA;BAČMAGA;PLEŠA;BURCAR
Virovitičko-podravska;Općina;Čačinci;BUŠLJETA;JURLINA;SAMARDŽIĆ;ZUANOVIĆ;JUKIĆ;FARKAŠ;KRMPOTIĆ;ČAVIĆ;ERCEG;ZUBČIĆ
Virovitičko-podravska;Općina;Čađavica;KOKORIĆ;BUČANAC;MAĐAREVIĆ;HORVAT;MARTINČEVIĆ;LAZIĆ;MATIĆ;BOSAK;DOLINAC;KOVAČ
Virovitičko-podravska;Općina;Gradina;VILJEVAC;MOSLAVAC;RAJNOVIĆ;LUKAČEVIĆ;JURIŠIĆ;BROĐANAC;ŠPOLJARIĆ;MANDIĆ;PEIĆ;RADIĆ
Virovitičko-podravska;Općina;Lukač;BUKVIĆ;RIBIĆ;ŽIVKOVIĆ;PERIĆ;PETROVIĆ;BLAŽEVIĆ;IVOŠ;FEKETIJA;KNEŽEVIĆ;KRŠIĆ
Virovitičko-podravska;Općina;Mikleuš;BLAŽEVIĆ;TONC;PEJIĆ;KOKOŠKA;BALTIĆ;BILOBRK;LUKIĆ;DUNDOVIĆ;MIKLIĆ;RUKAVINA
Virovitičko-podravska;Općina;Nova Bukovica;BRAČUN;ŠKRNIČKI;DOLOVSKI;DORČAK;ĆOSIĆ;ŠTERL;KOLEMBUS;BILAVČIĆ;TEREK;ĐURIČIĆ
Virovitičko-podravska;Općina;Pitomača;IVANOVIĆ;RADELIĆ;BEGOVIĆ;KOVAČ;ŠAJN;JAKUPEC;ŠPOLJARIĆ;BEDEKOVIĆ;ĐANIĆ;MIHOKOVIĆ
Virovitičko-podravska;Općina;Sopje;RASTIJA;DVOJAK;MIKIĆ;TUŠEK;GRGIĆ;BOŠNJAK;KOKORIĆ;HRGETIĆ;MARIĆ;ANDROŠ
Virovitičko-podravska;Općina;Suhopolje;HORVAT;VUKOVIĆ;HODAK;KOVAČEVIĆ;MATOVINA;NEMET;SERTIĆ;NOVOSEL;HOLEC;BOŠNJAK
Virovitičko-podravska;Općina;Špišić Bukovica;BRLAS;KOMAR;KOVAČ;POSAVAC;BARTOLIĆ;MAJSTOROVIĆ;LULIĆ;KOVAČEVIĆ;MIKOLČIĆ;NOVOSEL
Virovitičko-podravska;Općina;Voćin;JOZIĆ;JAKOVIĆ;PERIĆ;TUNIĆ;GEGIĆ;ĐORĐEVIĆ;TAŠIĆ;SIMONOVIĆ;NIKOLIĆ;ČOVIĆ
Virovitičko-podravska;Općina;Zdenci;ČIŠ;BUŠLJETA;BIRO;ŠKORVAGA;BOŠNJAK;NEKIĆ;KOVAČIĆ;PANCER;ŠPOLJARIĆ;ŠORMAN
Požeško-slavonska; ;;GRGIĆ;KOVAČEVIĆ;MARIĆ;MARKOVIĆ;BOŠNJAK;TOMIĆ;SOLDO;BLAŽEVIĆ;PAVIĆ;VIDOVIĆ
Požeško-slavonska;Grad;Kutjevo;MARKOVIĆ;BARIĆ;GRGIĆ;BUDIMIR;GALIĆ;MARIĆ;KLJAJIĆ;BOŠNJAK;VASILJ;ANTUNOVIĆ
Požeško-slavonska;Grad;Lipik;ADŽIJEVIĆ;GRGIĆ;LJEVAKOVIĆ;KOMLJENOVIĆ;TUTIĆ;BOŽIĆ;STRAGA;MEAŠKI;ŠTIMAC;HORVAT
Požeško-slavonska;Grad;Pakrac;GRGIĆ;IVANOVIĆ;ŠIRAC;SUDAR;TUTIĆ;JOSIPOVIĆ;MARTINOVIĆ;HODAK;NENADOVIĆ;KRAJNOVIĆ
Požeško-slavonska;Grad;Pleternica;KOVAČEVIĆ;SOLDO;TOMIĆ;PEIĆ;ŠARIĆ;JAKOVLJEVIĆ;MILIČEVIĆ;BAKETARIĆ;BOŠNJAK;NOVAK
Požeško-slavonska;Grad;Požega;KOVAČEVIĆ;MARIĆ;SOLDO;VUKOVIĆ;BOŠNJAK;GALIĆ;DEVČIĆ;ŠARIĆ;GRGIĆ;HORVAT
Požeško-slavonska;Općina;Brestovac;MARKANJEVIĆ;ILIĆ;BLAŽEVIĆ;TOMIĆ;KNEŽEVIĆ;GRGIĆ;STOJČEVIĆ;LONČAREVIĆ;RODIĆ;MANDIĆ
Požeško-slavonska;Općina;Čaglin;KNEŽEVIĆ;JELIĆ;POLJAKOVIĆ;STANKOVIĆ;KRAJTNER;MARIĆ;VUKIĆ;MIČEVIĆ;HRČKA;KOVAČEVIĆ
Požeško-slavonska;Općina;Jakšić;BOŠNJAK;PEČUR;OBRADOVIĆ;PAVLOVIĆ;GRBEŠ;MARKOVIĆ;VIDOVIĆ;JAKOUBEK;BIONDIĆ;ŠULC
Požeško-slavonska;Općina;Kaptol;CIGANOVIĆ;JURIĆ;SVOBODA;PERIĆ;ZEBA;ANDRIJEVIĆ;IVANKOVIĆ;KLJAJIĆ;MARIĆ;GRGIĆ
Požeško-slavonska;Općina;Velika;ZEBA;GRGIĆ;VIDOVIĆ;KRALJEVIĆ;MATIJEVIĆ;BLAŽEVIĆ;KOVAČEVIĆ;ŠIPURA;LUKIĆ;IVIĆ
Brodsko-posavska; ;;KOVAČEVIĆ;MARIĆ;KNEŽEVIĆ;GRGIĆ;BABIĆ;BLAŽEVIĆ;JURIĆ;MARJANOVIĆ;BARIŠIĆ;OPAČAK
Brodsko-posavska;Grad;Nova Gradiška;KOVAČEVIĆ;ORŠULIĆ;KNEŽEVIĆ;MARJANOVIĆ;VONIĆ;KLARIĆ;MARIĆ;CINDRIĆ;TERZIĆ;PETROVIĆ
Brodsko-posavska;Grad;Slavonski Brod;MARIĆ;KOVAČEVIĆ;OPAČAK;JERKOVIĆ;JOZIĆ;BARIŠIĆ;STANIĆ;MITROVIĆ;GRGIĆ;BLAŽEVIĆ
Brodsko-posavska;Općina;Bebrina;GRGIĆ;JOZIĆ;MIRKOVIĆ;FERIĆ;KLJAJIĆ;OLUJEVIĆ;CRNAC;ŠTIVIĆ;DIKANOVIĆ;SOKOLOVIĆ
Brodsko-posavska;Općina;Brodski Stupnik;PRSKALO;ČULJAK;VRLJIĆ;CINDRIĆ;KRAJAČIĆ;SIROGLAVIĆ;JURIĆ;PERIĆ;GUBIĆ;ROSANDIĆ
Brodsko-posavska;Općina;Bukovlje;ALKOVIĆ;KOVAČEVIĆ;LUKIĆ;BARIŠIĆ;MARTIĆ;MARIĆ;JANKOVIĆ;MATIĆ;RASPASOVIĆ;FOGADIĆ
Brodsko-posavska;Općina;Cernik;MATOŠEVIĆ;SOKIĆ;TERZIĆ;VALEŠIĆ;BAKUNIĆ;CURIĆ;JURKOVIĆ;DOŠLIĆ;GRGIĆ;DUKANOVIĆ
Brodsko-posavska;Općina;Davor;MARJANOVIĆ;GELEMANOVIĆ;MATOŠEVIĆ;CIPRIĆ;BRLIĆ;ŠIŠIĆ;PIŠONIĆ;BENIĆ;ČMELJEŠEVIĆ;OLIĆ
Brodsko-posavska;Općina;Donji Andrijevci;ŽIVIĆ;MARKOVAC;SMOLČIĆ;SELETKOVIĆ;PERKOVIĆ;KOVAČEVIĆ;TOLIĆ;DEGMEČIĆ;GAVRAN;ARAČIĆ
Brodsko-posavska;Općina;Dragalić;STANIĆ;PETERLIK;IVANIŠEVIĆ;FILIPOVIĆ;BASARIĆ;BUNJEVAC;JOLIĆ;MATIJEVIĆ;PETRIČEVIĆ;ŠUPICA
Brodsko-posavska;Općina;Garčin;VIDAKOVIĆ;BUKVIĆ;JERKOVIĆ;BITUNJAC;VINKOVIĆ;KNEŽEVIĆ;POLIĆ;BABIĆ;PERKOVIĆ;SMOLJO
Brodsko-posavska;Općina;Gornja Vrba;ODOBAŠIĆ;MARTIĆ;JURIĆ;VULETA;LUCIĆ;MARIJIĆ;TOLIĆ;BARIŠIĆ;BRKIĆ;MARIĆ
Brodsko-posavska;Općina;Gornji Bogićevci;BUNGIĆ;KNEŽEVIĆ;KLARIĆ;ŠUGIĆ;JURIĆ;KRSTANAC;PRANKIĆ;KULJANAC;MARIĆ;PEREKOVIĆ
Brodsko-posavska;Općina;Gundinci;KOKANOVIĆ;MIHIĆ;KADIĆ;UŽAREVIĆ;KNEŽEVIĆ;VARZIĆ;KARAVIDOVIĆ;LUČIĆ;MARKOTIĆ;PUŠELJIĆ
Brodsko-posavska;Općina;Klakar;RAŠIĆ;LUCIĆ;STANIĆ;MIRKOVIĆ;LAKUŠIĆ;ZVIROTIĆ;BLAŽEVAC;GAČIĆ;TOLIĆ;BABOSELAC
Brodsko-posavska;Općina;Nova Kapela;DIDOVIĆ;MARIČEVIĆ;GAZDOVIĆ;BENKOVIĆ;RADIČEVIĆ;ŠTIMAC;CINDRIĆ;FILIPOVIĆ;PIŠONIĆ;MATIČEVIĆ
Brodsko-posavska;Općina;Okučani;TOMIĆ;ŠALIĆ;MIJATOVIĆ;DŽANIJA;KNEŽEVIĆ;BLAŽEVIĆ;ŠIMIĆ;PEJIĆ;DEBELJAK;KLJAJIĆ
Brodsko-posavska;Općina;Oprisavci;TERZIĆ;BERAKOVIĆ;OSTOJČIĆ;BLAŽEVIĆ;KURKUTOVIĆ;TREPŠIĆ;VUKOVIĆ;KOVAČEVIĆ;MIRKOVIĆ;VUKOVARAC
Brodsko-posavska;Općina;Oriovac;KEREKOVIĆ;PAVKOVIĆ;KOVAČEVIĆ;KOLUNDŽIĆ;JAGODAR;MARGETIĆ;MATOK;PAVIĆ;GALOVIĆ;ALADROVIĆ
Brodsko-posavska;Općina;Podcrkavlje;MIROSAVLJEVIĆ;ŠIMIĆ;JANKOVIĆ;ŠIMUNOVIĆ;MARJANOVIĆ;ABRAMOVIĆ;LOVAKOVIĆ;VALIĆ;ANDRIĆ;VUČINIĆ
Brodsko-posavska;Općina;Rešetari;DAUTOVIĆ;AKMAČIĆ;VLAOVIĆ;MARINOVIĆ;VUKŠIĆ;RUŠKAN;LALIĆ;GRGIĆ;BARTOLOVIĆ;MIKOLČEVIĆ
Brodsko-posavska;Općina;Sibinj;KOVAČEVIĆ;GRGUREVIĆ;JANKOVIĆ;ČELIKOVIĆ;GAVRAN;COLIĆ;KRIŽANOVIĆ;NOVAK;PUŠKARIĆ;LASIĆ
Brodsko-posavska;Općina;Sikirevci;ŽIVIĆ;LUČIĆ;NIKOLIĆ;JARIĆ;RAKITIĆ;JOSKIĆ;GALOVIĆ;BUDIMIR;RADOVANOVIĆ;ĐUZEL
Brodsko-posavska;Općina;Slavonski Šamac;BRANKOVIĆ;ĆOSIĆ;VUKSANOVIĆ;BRKIĆ;JANKOVIĆ;KOCIĆ;LUKAČ;ŠUNIĆ;MILOŠEVIĆ;PETRIĆ
Brodsko-posavska;Općina;Stara Gradiška;MATOKANOVIĆ;GUBEROVIĆ;HRDŽIĆ;VALENTIĆ;PAVIŠIĆ;RAFAJAC;SJEVERAC;FILJEVIĆ;NEZIĆ;PAUŠIĆ
Brodsko-posavska;Općina;Staro Petrovo Selo;BABIĆ;ŠIMUNOVIĆ;IVANIŠEVIĆ;CINDRIĆ;TURKALJ;RADOŠIĆ;VLAINIĆ;MAGDIĆ;ŠPANIĆ;JELIĆ
Brodsko-posavska;Općina;Velika Kopanica;ERGOTIĆ;PETRIČEVIĆ;VUKOVAC;VUČKOVIĆ;KOVAČEVIĆ;RADIČEVIĆ;ILAKOVAC;LOLIĆ;DIVIĆ;MATASOVIĆ
Brodsko-posavska;Općina;Vrbje;MATIJEVIĆ;STRINAVIĆ;JURIŠIĆ;TOMAŠIĆ;STIPANČEVIĆ;BRKANAC;GUBIĆ;BOŠNJAK;KARAKAŠIĆ;ADŽIĆ
Brodsko-posavska;Općina;Vrpolje;ZMAIĆ;BIRTIĆ;FUNARIĆ;KNEŽEVIĆ;BOŠNJAKOVIĆ;MARIĆ;BOGDANOVIĆ;TUNUKOVIĆ;BARUKČIĆ;KARALIĆ
Zadarska; ;;KNEŽEVIĆ;ŠARIĆ;ZRILIĆ;JURJEVIĆ;ZUBČIĆ;BAŠIĆ;BRKIĆ;NEKIĆ;ŠKARA;MILETIĆ
Zadarska;Grad;Benkovac;ZRILIĆ;BAŠIĆ;ČIRJAK;MARIĆ;JURJEVIĆ;VRSALJKO;ČAČIĆ;LEDENKO;VRKIĆ;KARDUM
Zadarska;Grad;Biograd na Moru;ŠARIĆ;BIRKIĆ;PEŠIĆ;MIKULIĆ;KNEZ;TOLIĆ;FILIPOVIĆ;ZRILIĆ;MRŠIĆ;MOROŽIN
Zadarska;Grad;Nin;PEROŠ;PEŠA;PAVLOVIĆ;KNEŽEVIĆ;STULIĆ;PROROKOVIĆ;ŠKIBOLA;MAGAŠ;GLAVAN;ŠTULIĆ
Zadarska;Grad;Obrovac;JURJEVIĆ;KARAMARKO;BRKIĆ;ŽUPAN;ANIĆ;VESELINOVIĆ;KLANAC;ZELIĆ;BAŠIĆ;VRKIĆ
Zadarska;Grad;Pag;FABIJANIĆ;MARŽIĆ;SABALIĆ;ŠKODA;DONADIĆ;OGUIĆ;BULJANOVIĆ;FESTINI;JURČEVIĆ;KUSTIĆ
Zadarska;Grad;Zadar;KNEŽEVIĆ;JURJEVIĆ;ZRILIĆ;BAJLO;VUKIĆ;PERIĆ;ZUBČIĆ;VRKIĆ;ŠARIĆ;MARIĆ
Zadarska;Općina;Bibinje;LISICA;SIKIRIĆ;ŠIMUNIĆ;BUGARIJA;REŽAN;SORIĆ;ŠINDIJA;KARABAN;KERO;LONIĆ
Zadarska;Općina;Galovac;BURČUL;GULAN;ŠARE;ČAKARUN;VUJEVIĆ;BUČIĆ;TOKIĆ;KOVAČ;VUKŠA;JOVANČEVIĆ
Zadarska;Općina;Gračac;TOMIĆ;RAĐENOVIĆ;ANDRIĆ;DUKIĆ;FILIPOVIĆ;BABIĆ;GRMAČA;LUKIĆ;MAJSTOROVIĆ;BRKIĆ
Zadarska;Općina;Jasenice;BARIČEVIĆ;ŠARLIJA;MARUNA;RONČEVIĆ;NEKIĆ;ŠIMIČEVIĆ;BASA;VULIĆ;KNEŽEVIĆ;MATEK
Zadarska;Općina;Kali;KOLEGA;VIDOV;KURTIN;GOBIN;KONČURAT;BLASLOV;MIŠLOV;VITLOV;ŠKOLJAREV;LONGIN
Zadarska;Općina;Kolan;ŠUPRAHA;GLIGORA;ČEMELJIĆ;OŠTARIĆ;ZUBOVIĆ;PALADINA;PRTORIĆ;TAUZER;ŠUGAR;ŠULJIĆ
Zadarska;Općina;Kukljica;MAVRA;MARTINOVIĆ;MEŠTRIĆ;VOJVODIĆ;BOSOTINA;BAČIĆ;LISICA;MILIĆ;BENIĆ;JOJA
Zadarska;Općina;Lišane Ostrovičke;NIMAC;MAMIĆ;MIJIĆ;ŠIMUNAC;RADAŠ;KALCINA;STIPIĆ;DEVIĆ;PLAZINA;ATLAGIĆ
Zadarska;Općina;Novigrad;ZUBČIĆ;ČULINA;PEDIĆ;BUTERIN;BATUR;VIDUKA;KLAPAN;KOKIĆ;BARABA;BAKIĆ
Zadarska;Općina;Pakoštane;BAREŠIĆ;STOJANOV;VULIN;MAKSAN;ŠARIĆ;KAZIJA;ČUDINA;LOKIN;KURTOV;KRPETA
Zadarska;Općina;Pašman;JUREŠKO;PEDIŠIĆ;BAČINIĆ;KRALJEV;BENČIĆ;MEDIĆ;ŠKROKOV;ĆOSIĆ;KUŠTERA;MAGIĆ
Zadarska;Općina;Polača;BOBANOVIĆ;PRTENJAČA;KULAŠ;PERAIĆ;RAŽNJEVIĆ;ŽEPINA;GALAC;VRANKULJ;ZANIĆ;ŠKARA
Zadarska;Općina;Poličnik;BALJAK;SURAĆ;ZDRILIĆ;UKALOVIĆ;BARIĆ;KOVAČEVIĆ;MARINOVIĆ;KEVRIĆ;JUKIĆ;ALIĆ
Zadarska;Općina;Posedarje;KNEŽEVIĆ;KLANAC;NEKIĆ;BRALA;CRNJAK;KALAC;LERGA;ŽUŽA;MIJOLOVIĆ;ŠALINA
Zadarska;Općina;Povljana;ŠKODA;RUMORA;TIČIĆ;POGORILIĆ;RUKAVINA;BAČIĆ;VUČKOVIĆ;ORLIĆ;JURIŠIĆ;LOVREN
Zadarska;Općina;Preko;GREGOV;SORIĆ;DUNATOV;KOŠTA;IVANOV;DORKIN;LONČAR;MARCELIĆ;MAŠINA;PAVIN
Zadarska;Općina;Privlaka;GLAVAN;BEGONJA;GRBIĆ;MUSTAĆ;ŠANGO;SKOBLAR;KRŠLOVIĆ;SURIĆ;KOLANOVIĆ;ZANKI
Zadarska;Općina;Ražanac;MIOČIĆ;JOVIĆ;MILETIĆ;DUNDOVIĆ;DUŠEVIĆ;MATAK;PERKOVIĆ;KOŽUL;RUDIĆ;MARUŠIĆ
Zadarska;Općina;Sali;RALJEVIĆ;ŠPRALJA;PETEŠIĆ;ŠEŠELJA;DOMINIS;RAMOV;ŠKIFIĆ;BASIOLI;LORDANIĆ;MIHIĆ
Zadarska;Općina;Stankovci;MORIĆ;ORLOVIĆ;PERICA;KLARIĆ;MILETIĆ;VUNIĆ;BRČIĆ;PELAIĆ;SAVIĆ;BAKOVIĆ
Zadarska;Općina;Starigrad;MARASOVIĆ;MILOVAC;JURLINA;BUCIĆ;RAMIĆ;JUKIĆ;BUŠLJETA;KNEŽEVIĆ;SMOKROVIĆ;DOKOZA
Zadarska;Općina;Sukošan;SMOLIĆ;PAVIĆ;TORBARINA;DIJAN;NADINIĆ;ŠTEVANJA;DEVIĆ;RASPOVIĆ;JERAK;GRGINOVIĆ
Zadarska;Općina;Sveti Filip i Jakov;GALEŠIĆ;COLIĆ;EŠKINJA;SANTINI;KATUŠA;MANDIĆ;PEDISIĆ;BARIČIĆ;MITROVIĆ;MIKULIĆ
Zadarska;Općina;Škabrnja;ŠKARA;RAŽOV;IVKOVIĆ;BILAVER;GOSPIĆ;PAVIČIĆ;JURIĆ;BRKIĆ;ŽILIĆ;KARDUM
Zadarska;Općina;Tkon;UGRINIĆ;MUŠĆET;RUDIĆ;LUKAČIĆ;OSTOJIĆ;JAKOVLJEV;SMOLJAN;TITULIĆ;PALAŠKOV;ZALOVIĆ
Zadarska;Općina;Vir;VUČETIĆ;RADOVIĆ;KAPOVIĆ;BAŠIĆ;BUŠKULIĆ;BUDIJA;ŽEPINA;OLIĆ;ČEPIĆ;TOMIĆ
Zadarska;Općina;Vrsi;PREDOVAN;MARAŠ;VUKIĆ;BOŽIĆ;MARINKOVIĆ;PERINIĆ;PERKOVIĆ;PAPIĆ;JURLINA;MILUTIN
Zadarska;Općina;Zemunik Donji;PERIĆ;MARUŠIĆ;PALEKA;ŠARIĆ;ŠESTAN;ALVIR;FABIJAN;BULJAT;ŽUPAN;PINČIĆ
Osječko-baranjska; ;;KOVAČEVIĆ;HORVAT;PETROVIĆ;KOVAČ;KNEŽEVIĆ;BOŠNJAK;BABIĆ;VIDAKOVIĆ;ŽIVKOVIĆ;PAVLOVIĆ
Osječko-baranjska;Grad;Beli Manastir;HORVAT;KOVAČ;KOVAČEVIĆ;NIKOLIĆ;STOJANOVIĆ;BOŠNJAK;PETROVIĆ;MIHAJLOVIĆ;JOVANOVIĆ;VUKOVIĆ
Osječko-baranjska;Grad;Belišće;PETROVIĆ;KOVAČEVIĆ;STANKOVIĆ;BALOG;ŠPOLJARIĆ;MANDIĆ;PAVOŠEVIĆ;BARIĆ;VUKSANIĆ;PAVLOVIĆ
Osječko-baranjska;Grad;Donji Miholjac;PETROVIĆ;KOVAČEVIĆ;FALAMIĆ;HORVAT;VESELOVAC;ŠIMENIĆ;MIKIĆ;ADAMOVIĆ;ANDRAČIĆ;DOLANČIĆ
Osječko-baranjska;Grad;Đakovo;ĆURIĆ;BLAŽEVIĆ;ŠIMIĆ;ADRIĆ;KOVAČEVIĆ;DUVNJAK;JURIĆ;IVIĆ;PERIĆ;ŽIVKOVIĆ
Osječko-baranjska;Grad;Našice;KNEŽEVIĆ;BARIČEVIĆ;KOVAČEVIĆ;PUHANIĆ;AMIĆ;HORVAT;VULIĆ;JURIĆ;KRALJIK;MANDIĆ
Osječko-baranjska;Grad;Osijek;KOVAČEVIĆ;HORVAT;KOVAČ;KNEŽEVIĆ;BOŠNJAK;PETROVIĆ;MARIĆ;MIHALJEVIĆ;GRGIĆ;BABIĆ
Osječko-baranjska;Grad;Valpovo;CVENIĆ;KOVAČEVIĆ;VARŽIĆ;BEREČIĆ;BOŠNJAK;PAVOŠEVIĆ;PUŠIĆ;KOKIĆ;STANIĆ;ĐURKOVIĆ
Osječko-baranjska;Općina;Antunovac;PAVLOVIĆ;DIZDAR;HORVAT;PREKRATIĆ;ĆORIĆ;GLOGOŠKI;KLASAN;PRPIĆ;TOKIĆ;GRABIĆ
Osječko-baranjska;Općina;Bilje;HORVAT;KOVAČ;VARGA;MOLNAR;KOVAČEVIĆ;BALOG;BIRO;VALKAI;FORJAN;NAĐ
Osječko-baranjska;Općina;Bizovac;BOŠNJAK;VIDAKOVIĆ;VUKOVIĆ;GLAVAŠIĆ;NOVOSELIĆ;CVETKOVIĆ;SUDAR;RUKAVINA;GLAVAŠ;MAGUŠIĆ
Osječko-baranjska;Općina;Čeminac;HORVAT;NOVAK;FURDI;KEROVEC;PRUGOVEČKI;REŠETAR;KOVAČ;TKALEC;JUMIĆ;MILIĆ
Osječko-baranjska;Općina;Čepin;KOVAČEVIĆ;BATRNEK;BARIŠIĆ;MIHALJEVIĆ;KRSTANOVIĆ;BAGARIĆ;KLARIĆ;BABIĆ;ZDRAVČEVIĆ;GRGIĆ
Osječko-baranjska;Općina;Darda;PETROVIĆ;MIŠKOVIĆ;KOVAČ;MIHAJLOVIĆ;ĐURĐEVIĆ;HORVAT;TOT;NOVAK;MARIĆ;RADIĆ
Osječko-baranjska;Općina;Donja Motičina;BOŠNJAKOVIĆ;BATRAC;KNEŽEVIĆ;MIKIČIĆ;TOMAC;PERŠIĆ;MIHALJEVIĆ;TIČIĆ;RADAČIĆ;BIJUKLIĆ
Osječko-baranjska;Općina;Draž;BALATINAC;MATIJEVIĆ;ŠIPOŠ;MARTINOV;GOLUBOV;HORVAT;BENIĆ;DRVENTIĆ;KREKO;ĐURIN
Osječko-baranjska;Općina;Drenje;HORVAT;BARUŠIĆ;KOVAČ;BABIĆ;ŽIVKOVIĆ;HANULJAK;PETANJAK;GORSKI;MATKOVIĆ;PETROVIĆ
Osječko-baranjska;Općina;Đurđenovac;ABIČIĆ;AMIDŽIĆ;PRITIŠANAC;PAVLIĆ;LIJIĆ;KNEŽEVIĆ;FILIPOVIĆ;PAVLOVIĆ;BOŠNJAK;GLASOVAC
Osječko-baranjska;Općina;Erdut;BOJANIĆ;KOVAČEVIĆ;NEŠIĆ;POPOVIĆ;ČALOŠEVIĆ;MANDIĆ;VUKOVIĆ;GRČIĆ;JELIĆ;ILINČIĆ
Osječko-baranjska;Općina;Ernestinovo;DEŽE;VACI;KELEMEN;EĐED;JUNUŠIĆ;ROGULJIĆ;KNEŽEVIĆ;KOVAČ;RADIĆ;BECE
Osječko-baranjska;Općina;Feričanci;STOŠIĆ;JUKIĆ;VIDAKOVIĆ;BENOVIĆ;KLJAJIĆ;LOVAKOVIĆ;ZVEKAN;BENIĆ;BRKIĆ;KAPRALJEVIĆ
Osječko-baranjska;Općina;Gorjani;PERIĆ;BIRTIĆ;GREGIĆ;PAVIĆ;JAGODIĆ;RADOJKOVIĆ;ĐELATOVIĆ;IVANOVIĆ;KARALIĆ;BOGDANOVIĆ
Osječko-baranjska;Općina;Jagodnjak;MIŠKOVIĆ;PETROVIĆ;KOVAČEVIĆ;ĐURĐEVIĆ;BALOG;MRĐA;BOGDAN;ANĐELIĆ;RADANOVIĆ;SUZIĆ
Osječko-baranjska;Općina;Kneževi Vinogradi;HORVAT;KOVAČ;PETROVIĆ;VARGA;NAĐ;ŠIPOŠ;BARČAN;DUDAŠ;KIŠ;KERESTEŠ
Osječko-baranjska;Općina;Koška;KOVAČEVIĆ;SEMIALJAC;DUVNJAK;TOMAC;BOŠNJAK;VRBANIĆ;PAVLOVIĆ;OREŠKI;BENCAK;SUK
Osječko-baranjska;Općina;Levanjska Varoš;FRANJIĆ;NIKOLIĆ;TOMEŠIĆ;MAJSTOROVIĆ;BARIŠIĆ;PETROVIĆ;ANDRIĆ;MAJER;MIRKOVIĆ;PEJAZIĆ
Osječko-baranjska;Općina;Magadenovac;ŽIVKOVIĆ;KALAZIĆ;PLEŠA;AZENIĆ;VIDAKOVIĆ;BRKANIĆ;ŠPOLJARIĆ;KOVAČEVIĆ;TIVANOVAC;VRBEŠIĆ
Osječko-baranjska;Općina;Marijanci;MAJDENIĆ;PANDURIĆ;DORKIĆ;BARIĆ;ALŠIĆ;DUKMENIĆ;POPOVIĆ;PLUŽARIĆ;BABIĆ;BOČKINAC
Osječko-baranjska;Općina;Petlovac;HORVAT;BOGDAN;BLAŽEVIĆ;KOVAČ;BOGNAR;TORJANAC;BOŠNJAK;TOMIĆ;IVANOVIĆ;NOVAK
Osječko-baranjska;Općina;Petrijevci;KOŠKI;ZELIĆ;IVANKOVIĆ;LEŠNJAKOVIĆ;ŠKORO;KOVAČEVIĆ;TAČKOVIĆ;ŽLENDER;BEGOVIĆ;EGREDŽIJA
Osječko-baranjska;Općina;Podgorač;KOVAČ;VARGA;AMIĆ;UDUROVIĆ;VIDAČIĆ;GUBIĆ;IVANČIĆ;HORVAT;KOVAČEVIĆ;MAROŠEVIĆ
Osječko-baranjska;Općina;Podravska Moslavina;ŠIMARA;PAVIN;ZETAIĆ;KNEŽEVIĆ;MATOKOVIĆ;PATAČA;ROGIĆ;KUPANOVAC;PAVLOVIĆ;ČULINA
Osječko-baranjska;Općina;Popovac;HRANIĆ;JAKOPEC;JAMBROVIĆ;DVORNIĆ;GAJŠEK;MARKOVIĆ;BAJUS;GALINEC;HORVAT;OSONJAČKI
Osječko-baranjska;Općina;Punitovci;KUKUČKA;STIPANOVIĆ;KANISEK;POLJAREVIĆ;KOVAČEVIĆ;HMURA;MATKOVIĆ;KOLARIK;KURIC;TADIJAN
Osječko-baranjska;Općina;Satnica Đakovačka;VALJETIĆ;KOVAČEVIĆ;IVIĆ;BARIŠIĆ;FRANJIĆ;ANDRIĆ;MITROVIĆ;TOKIĆ;MILIČEVIĆ;STIPIĆ
Osječko-baranjska;Općina;Semeljci;BLAŽEVIĆ;JOSIPOVIĆ;KOVAČEVIĆ;JELENIĆ;FILIPOVIĆ;ERVAČIĆ;BOŠNJAKOVIĆ;PAČARIĆ;VUJNOVIĆ;GRADIŠTANAC
Osječko-baranjska;Općina;Strizivojna;DAMJANOVIĆ;ANDRIJEVIĆ;VRAGOLOVIĆ;MAČINKOVIĆ;MARŠIĆ;JURIĆ;VALIDŽIĆ;JUKIĆ;MIŠIĆ;ANDRIĆ
Osječko-baranjska;Općina;Šodolovci;KOVAČEVIĆ;STARČEVIĆ;BORJAN;TEŠANOVIĆ;KNEŽEVIĆ;KARAN;MANOJLOVIĆ;ANDRIĆ;KOJČINOVIĆ;ŽIVKOVIĆ
Osječko-baranjska;Općina;Trnava;MIKIĆ;BOŠNJAK;VRAČEVIĆ;GRIGIĆ;CVITKOVIĆ;LOVAKOVIĆ;BIKIĆ;ZLATUNIĆ;BALABANIĆ;KNEŽEVIĆ
Osječko-baranjska;Općina;Viljevo;KNEŽEVIĆ;VINCETIĆ;KOVAČEVIĆ;CRNČAN;RONTA;BERTIĆ;VILJEVAC;ĐAKOVAC;SENKOVIĆ;BLAŽENOVIĆ
Osječko-baranjska;Općina;Viškovci;KELIĆ;KRAMARIĆ;MITROVIĆ;RADOŠ;LUKIĆ;ZORIĆ;PITINAC;KOVAČ;MATKOVIĆ;KOVAČEVIĆ
Osječko-baranjska;Općina;Vladislavci;HORVAT;ĆOSIĆ;ČANČAR;RADIĆ;BRADARIĆ;KOVAČ;KRULJAC;PRATLJAČIĆ;KELEMEN;FILIPOVIĆ
Osječko-baranjska;Općina;Vuka;PIKEC;PERAK;BRTAN;MARIČIĆ;BILANDŽIJA;KRAJNOVIĆ;KOPLJAR;TUKSAR;KRNIĆ;BILJUŠ
Šibensko-kninska; ;;ŽIVKOVIĆ;JURIĆ;MATIĆ;KNEŽEVIĆ;ŠKUGOR;LOVRIĆ;RADIĆ;BARIŠIĆ;SLAVICA;GULIN
Šibensko-kninska;Grad;Drniš;MARIN;ČUPIĆ;VUKUŠIĆ;BARIŠIĆ;ŽIVKOVIĆ;MATIĆ;GORETA;KULUŠIĆ;VLAIĆ;MALENICA
Šibensko-kninska;Grad;Knin;MARIĆ;JELIĆ;RAŠKOVIĆ;PERIĆ;BLAŽEVIĆ;ŠIMIĆ;ŠTRBAC;TOMIĆ;MARKOVIĆ;GAMBIROŽA
Šibensko-kninska;Grad;Skradin;BRAJKOVIĆ;MATIĆ;JURIĆ;SKORIĆ;PULIĆ;PERIŠA;SLADIĆ;BURA;PAIĆ;SILOV
Šibensko-kninska;Grad;Šibenik;ŠKUGOR;ŽIVKOVIĆ;GULIN;LOKAS;KRNIĆ;PETKOVIĆ;PERAN;ERCEG;RAK;KNEŽEVIĆ
Šibensko-kninska;Grad;Vodice;ROCA;PEŠIĆ;CUKROV;STORIĆ;ŠPANJA;ŠPRLJAN;JURIČEV;TABULA;SLADOLJEV;BILUŠ
Šibensko-kninska;Općina;Bilice;MIKULANDRA;SLAVICA;ĆALETA;GRUBIŠIĆ;ĆALETA CAR;MIHALJEVIĆ;JAKŠIĆ;LUGOVIĆ;BURA;BUVA
Šibensko-kninska;Općina;Biskupija;SIMIĆ;AMANOVIĆ;VUJATOVIĆ;POPOVIĆ;VUKADIN;BUKOROVIĆ;VUKMIROVIĆ;MANOJLOVIĆ;URUKALO;KNEŽEVIĆ
Šibensko-kninska;Općina;Civljane;PREOČANIN;TOTIĆ;BARIŠIĆ;KNEŽEVIĆ;VRANJEŠ;MILAŠ;ČETNIK;VUKOVIĆ;Z;Z
Šibensko-kninska;Općina;Ervenik;KOVAČEVIĆ;RADIĆ;ILIĆ;SUBOTIĆ;ŠIMPRAGA;BABIĆ;PUAČA;SAMARDŽIJA;KANAZIR;OMČIKUS
Šibensko-kninska;Općina;Kijevo;BAJAN;MALOČA;ERCEGOVAC;GOJEVIĆ;TESKERA;VUJIĆ;RADIĆ;SLAVIĆ;GAŠPAR;ČAVKA
Šibensko-kninska;Općina;Kistanje;PALIĆ;ŠTRBAC;GLASNOVIĆ;ĆIBARIĆ;VUJASINOVIĆ;MANDIĆ;BEZBRADICA;TIŠMA;KOROLIJA;ANTIĆ
Šibensko-kninska;Općina;Murter-Kornati;TURČINOV;MUDRONJA;JURAGA;JEŽINA;BAŠIĆ;ŠIKIĆ;MARKOV;SKRAČIĆ;KOVAČEV;KULUŠIĆ
Šibensko-kninska;Općina;Pirovac;ČUBRIĆ;MEIĆ;BARIĆ;GULAM;TROSKOT;UREM;BAUS;ERAK;TROŠIĆ;VUKMAN
Šibensko-kninska;Općina;Primošten;HULJEV;GRACIN;BOLANČA;ČOBANOV;JURIN;PERKOV;JURIĆ;SKORIĆ;PANCIROV;MARINOV
Šibensko-kninska;Općina;Promina;DŽAPO;DUVANČIĆ;BRONIĆ;DUJIĆ;ZELIĆ;PERIĆ;ČULINA;SARIĆ;DŽEPINA;KNEŽEVIĆ
Šibensko-kninska;Općina;Rogoznica;RADIĆ;ERCEGOVIĆ;LOVRIĆ;ŽIVKOVIĆ;GOLEŠ;VIDOVIĆ;KARABATIĆ;ŽUPANOVIĆ;LUŠIĆ;DEKOVIĆ
Šibensko-kninska;Općina;Ružić;BUZOV;MARIJANOVIĆ;PASTUOVIĆ;STRUNJE;SUČIĆ;ELEZ;BLAŽEVIĆ;VIDOVIĆ;BOJČIĆ;JUKICA
Šibensko-kninska;Općina;Tisno;KLARIN;OBRATOV;STEGIĆ;ČORKALO;LAPOV;BILIĆ;JAKOVČEV;OLIVARI;BRAČANOV;PIRIJA
Šibensko-kninska;Općina;Tribunj;PERKOV;CVITAN;GRUBELIĆ;STIPANIČEV;FERARA;JABUKA;POPOV;BABUN;KURSAR;UKIĆ
Šibensko-kninska;Općina;Unešić;NAKIĆ;RAJČIĆ;DŽELALIJA;BURIĆ;BULAT;VUKOREPA;GRBEŠA;MALEŠ;VIŠIĆ;MRČELA
Vukovarsko-srijemska; ;;KOVAČEVIĆ;JURIĆ;BOŽIĆ;BABIĆ;KNEŽEVIĆ;NIKOLIĆ;MARIĆ;ŽIVKOVIĆ;FILIPOVIĆ;LOVRIĆ
Vukovarsko-srijemska;Grad;Ilok;BOŠNJAK;PAPAK;BOŽINOVIĆ;GROZNICA;TOT;KOVAČ;BABIĆ;ĆORIĆ;KOLAK;ČOBANKOVIĆ
Vukovarsko-srijemska;Grad;Otok;JURIĆ;BABIĆ;MARTINOVIĆ;LOVRIĆ;GRGIĆ;LUKIĆ;KNEŽEVIĆ;PERKOVIĆ;MARELJIĆ;ŠARIĆ
Vukovarsko-srijemska;Grad;Vinkovci;JURIĆ;BOŽIĆ;MARIĆ;BABIĆ;KOVAČEVIĆ;ŠARIĆ;KNEŽEVIĆ;JUKIĆ;PAVLOVIĆ;HORVAT
Vukovarsko-srijemska;Grad;Vukovar;KOVAČEVIĆ;NIKOLIĆ;LUKIĆ;ŽIVKOVIĆ;MARKOVIĆ;MARIĆ;HORVAT;KOVAČ;PETROVIĆ;RADIĆ
Vukovarsko-srijemska;Grad;Županja;FILIPOVIĆ;ORŠOLIĆ;ŽIVKOVIĆ;JURIĆ;BAOTIĆ;LEŠIĆ;KOPIĆ;GALOVIĆ;BABIĆ;VINCETIĆ
Vukovarsko-srijemska;Općina;Andrijaševci;BIČANIĆ;KRZNARIĆ;SMOLČIĆ;DEKANIĆ;HODAK;BOŽIĆ;RAJKOVIĆ;LEVAKOVIĆ;DELIĆ;ŠEBALJ
Vukovarsko-srijemska;Općina;Babina Greda;VUKOVIĆ;KNEŽEVIĆ;BABIĆ;STOJANOVIĆ;GREGOROVIĆ;LEŠIĆ;ĐAKOVIĆ;VERIĆ;MRKONJIĆ;GRGIĆ
Vukovarsko-srijemska;Općina;Bogdanovci;MUDRI;HARDI;MARIĆ;BOŽIĆ;PAVLOVIĆ;PALJUŠAJ;KATIĆ;LEHOLAT;GELO;KIŠ
Vukovarsko-srijemska;Općina;Borovo;LUKIĆ;NEDIĆ;LAZIĆ;ERIĆ;JOVIĆ;DROBIĆ;BOSIĆ;MAKSIMOVIĆ;ĐURIĆ;PETKOVIĆ
Vukovarsko-srijemska;Općina;Bošnjaci;LEŠIĆ;LENIĆ;ŠUMANOVAC;MATANOVIĆ;JOVANOVAC;VINKOVIĆ;JUZBAŠIĆ;MARŠIĆ;KNEŽEVIĆ;GOLUBIČIĆ
Vukovarsko-srijemska;Općina;Cerna;MAJSTOROVIĆ;JEMRIĆ;KESEGIĆ;GRGIĆ;BEGOVIĆ;KATIĆ;JURČEVIĆ;BLAŽEVIĆ;ANUŠIĆ;CINDRIĆ
Vukovarsko-srijemska;Općina;Drenovci;ABRAMOVIĆ;MATIJEVIĆ;PETROVIĆ;JOSIPOVIĆ;KLARIĆ;LUČIĆ;MATIĆ;BRKIĆ;ZEČEVIĆ;JURIĆ
Vukovarsko-srijemska;Općina;Gradište;JOVANOVAC;DRETVIĆ;STOJANOVIĆ;ČOLAKOVAC;PARAŠILOVAC;MIKINAC;ŽIVKOVIĆ;BOŽIĆ;IVANŠIĆ;NIKOLIĆ
Vukovarsko-srijemska;Općina;Gunja;ŠOKČEVIĆ;LUČIĆ;VOLODER;PEZEROVIĆ;KELAVA;ČERKEZOVIĆ;NIKOLIĆ;FILIPOVIĆ;ALIĆ;LUCIĆ
Vukovarsko-srijemska;Općina;Ivankovo;JELIĆ;ŽIVKOVIĆ;SUDAR;BARIĆ;ŠKARICA;IVANKO;PERIĆ;ŽGELA;GLIBUŠIĆ;RAJKOVIĆ
Vukovarsko-srijemska;Općina;Jarmina;SEDLAR;CULI;KLARIĆ;HORVAT;LEŽAIĆ;KOLEDIĆ;ROŽIĆ;MIKULEC;VARGA;DRAGANIĆ
Vukovarsko-srijemska;Općina;Lovas;SABLJAK;BALIĆ;ANTOLOVIĆ;HODAK;POLE;KRIZMANIĆ;OSTRUN;BRAJKOVIĆ;PALIJAN;KESER
Vukovarsko-srijemska;Općina;Markušica;PETROVIĆ;BOŠNJAK;AVRIĆ;KOVAČEVIĆ;PETKOVIĆ;CVETKOVIĆ;STRAJINIĆ;LAZIĆ;MANDIĆ;TADIĆ
Vukovarsko-srijemska;Općina;Negoslavci;LUKIĆ;BOŽIČKOVIĆ;PLANINAC;TIJANIĆ;VESELINOVIĆ;LAZIĆ;MIŠANOVIĆ;BOŽIĆ;ABADŽIĆ;PRODANOVIĆ
Vukovarsko-srijemska;Općina;Nijemci;ŠIBALIĆ;BOŽANOVIĆ;MESELJEVIĆ;GRGIĆ;VUIĆ;SUBOTIĆ;DŽIGUMOVIĆ;MARIJANOVIĆ;MEDIĆ;TOMIĆ
Vukovarsko-srijemska;Općina;Nuštar;ŠARIĆ;DOLIĆ;MECANOVIĆ;LEKO;KRAJINOVIĆ;BOŠNJAK;MATANČEVIĆ;ZOVKO;SESAR;ČULJAK
Vukovarsko-srijemska;Općina;Privlaka;ŠARIĆ;GRGUROVAC;JURIĆ;ALDUK;NEFERANOVIĆ;ČOPČIĆ;VIDOVIĆ;MILJEVIĆ;PERKUNIĆ;LOVRIĆ
Vukovarsko-srijemska;Općina;Stari Jankovci;NIKOLIĆ;JAKOVLJEVIĆ;JUKIĆ;MARKOVIĆ;LUČIĆ;JOSIPOVIĆ;ĐUKIĆ;TADIĆ;BUDIMIR;PAVLOVIĆ
Vukovarsko-srijemska;Općina;Stari Mikanovci;VALENTIĆ;SALOPEK;CINDRIĆ;ŽGELA;JURČEVIĆ;BOŽIČEVIĆ;JUKIĆ;MEDVED;VUKOVIĆ;KIKIĆ
Vukovarsko-srijemska;Općina;Štitar;DOMINKOVIĆ;MILIČIĆ;ŽIVKOVIĆ;GAŠPAROVIĆ;KOPIĆ;MADŽAREVIĆ;LUKAČEVIĆ;ORŠOLIĆ;BUZOV;VINCETIĆ
Vukovarsko-srijemska;Općina;Tompojevci;KOVAČIĆ;MUDRI;MITROVIĆ;HUDAK;GARVANOVIĆ;LJIKAR;HOMA;LAJKO;SABADOŠ;PETRIČEVIĆ
Vukovarsko-srijemska;Općina;Tordinci;KOVAČEVIĆ;LOVRIĆ;VIDAKOVIĆ;LUKADINOVIĆ;ANDRIČEVIĆ;ADŽIĆ;MATANOVIĆ;KNEZOVIĆ;VENGRING;MARIĆ
Vukovarsko-srijemska;Općina;Tovarnik;KUVEŽDIĆ;BALIĆ;GRGIĆ;FERINAC;DRAGIČEVIĆ;PEULIĆ;FILIĆ;ČURČINAC;GRBEŠIĆ;JURIĆ
Vukovarsko-srijemska;Općina;Trpinja;POPOVIĆ;KOVAČEVIĆ;LAZIĆ;LESKOVAC;BOŽIĆ;ILIĆ;BARVALAC;MITROVIĆ;PATKOVIĆ;PETROVIĆ
Vukovarsko-srijemska;Općina;Vođinci;BOŽIĆ;CVETKOVIĆ;JONJIĆ;VRLJIĆ;PUŠKARIĆ;TOVILO;KORDIĆ;MIKIĆ;LAJTMAN;LUKETINA
Vukovarsko-srijemska;Općina;Vrbanja;ĆOSIĆ;FILIPOVIĆ;NOVOSELAC;VUKOJA;ŽAPER;BRČIĆ;PURIĆ;LAMEŠIĆ;MARIĆ;NIKOLIĆ
Splitsko-dalmatinska; ;;RADIĆ;JUKIĆ;JURIĆ;BAŠIĆ;BABIĆ;VUKOVIĆ;PERIĆ;ŠARIĆ;BILIĆ;GALIĆ
Splitsko-dalmatinska;Grad;Hvar;TUDOR;NOVAK;KOVAČEVIĆ;VUČETIĆ;ZANINOVIĆ;MILIČIĆ;DOMANČIĆ;DUJMOVIĆ;PETRIĆ;VISKOVIĆ
Splitsko-dalmatinska;Grad;Imotski;REBIĆ;GALIĆ;LONČAR;JOVIĆ;DIVIĆ;KUTLEŠA;ARAČIĆ;ĐUZEL;BUŠIĆ;KUKAVICA
Splitsko-dalmatinska;Grad;Kaštela;JURIĆ;BOTIĆ;LOVRIĆ;RADIĆ;TADIN;KOVAČ;BAŠIĆ;ČAVKA;MATAS;RAJČIĆ
Splitsko-dalmatinska;Grad;Komiža;MARDEŠIĆ;BOŽANIĆ;MARINKOVIĆ;ZANKI;IVČEVIĆ;MLADINEO;SVILIČIĆ;VITALJIĆ;KULJIŠ;FIAMENGO
Splitsko-dalmatinska;Grad;Makarska;PUHARIĆ;ROSO;RAVLIĆ;GOJAK;VRANJEŠ;SRZIĆ;ERCEG;BAŠKOVIĆ;JOVIĆ;PAVLINOVIĆ
Splitsko-dalmatinska;Grad;Omiš;KOVAČIĆ;MIMICA;STANIĆ;MARUŠIĆ;TAFRA;JERČIĆ;TOMASOVIĆ;BAŠIĆ;BULIĆ;SOVULJ
Splitsko-dalmatinska;Grad;Sinj;POLJAK;BARAĆ;VUČKOVIĆ;RUNJE;JUKIĆ;ROMAC;PAVIĆ;BUDIMIR;LABROVIĆ;ŠUŠNJARA
Splitsko-dalmatinska;Grad;Solin;JURIĆ;BARIŠIĆ;BOBAN;ROGULJIĆ;MAROVIĆ;MATKOVIĆ;NINČEVIĆ;ŽIŽIĆ;VRDOLJAK;JUKIĆ
Splitsko-dalmatinska;Grad;Split;RADIĆ;JURIĆ;JUKIĆ;BAŠIĆ;BABIĆ;TOMIĆ;ŠARIĆ;BILIĆ;KOVAČEVIĆ;BLAŽEVIĆ
Splitsko-dalmatinska;Grad;Stari Grad;PAVIČIĆ;PETRIĆ;DUŽEVIĆ;KOVAČEVIĆ;STANČIĆ;DULČIĆ;BURATOVIĆ;TADIĆ;RAČIĆ;CARIĆ
Splitsko-dalmatinska;Grad;Supetar;DRAGIČEVIĆ;VLADISLAVIĆ;JAKŠIĆ;VUŠKOVIĆ;DAMJANOVIĆ;HRŽIĆ;KIRIGIN;RENDIĆ;GOSPODNETIĆ;MIRIĆ
Splitsko-dalmatinska;Grad;Trilj;DUKIĆ;ŠIPIĆ;ODRLJIN;VUKAS;ROGULJIĆ;MARASOVIĆ;ŠUŠNJARA;BAJIĆ;GUSIĆ;MARIĆ
Splitsko-dalmatinska;Grad;Trogir;MIŠE;HRABAR;ROŽIĆ;BILIĆ;VUKMAN;RADIĆ;BELAS;TOMAŠ;UGRINA;ŽAJA
Splitsko-dalmatinska;Grad;Vis;VOJKOVIĆ;KARUZA;RADIŠIĆ;SVILIČIĆ;ŽITKO;ILIĆ;BRAJČIĆ;PEČAREVIĆ;PODUJE;TOMIĆ
Splitsko-dalmatinska;Grad;Vrgorac;ERCEG;JELAVIĆ;ŠALINOVIĆ;FRANIĆ;BARBIR;GAŠPAR;PERVAN;TOLJ;MIHALJEVIĆ;RADIĆ
Splitsko-dalmatinska;Grad;Vrlika;TURUDIĆ;LELAS;BLAŽEVIĆ;PLAZONIĆ;VULETIĆ;REŽIĆ;KLEPO;ĆORIĆ;MARAS;ŽERAVICA
Splitsko-dalmatinska;Općina;Baška Voda;TOPIĆ;STANIČIĆ;GRANIĆ;RADIĆ;BEROŠ;JURIŠIĆ;IVANDIĆ;CVITANOVIĆ;JOSIPOVIĆ;JOZIPOVIĆ
Splitsko-dalmatinska;Općina;Bol;MARINKOVIĆ;KARMELIĆ;ETEROVIĆ;BAKOVIĆ;PAVIŠIĆ;KARNINČIĆ;ŠĆEPANOVIĆ;CVITANIĆ;BODLOVIĆ;KUSANOVIĆ
Splitsko-dalmatinska;Općina;Brela;ŠOŠIĆ;MEDIĆ;ZELIĆ;FILIPOVIĆ;IVANAC;URSIĆ;JAKIR;TOMAŠ;ŠKRABIĆ;RIBIČIĆ
Splitsko-dalmatinska;Općina;Cista Provo;MADUNIĆ;ŠITUM;KEGALJ;ČONDIĆ;VUČAK;LJUBIČIĆ;KNEZOVIĆ;VULETIĆ;ŽAJA;MANDARIĆ
Splitsko-dalmatinska;Općina;Dicmo;BRALIĆ;MARETIĆ;PODRUG;ZEBIĆ;BILANDŽIĆ;RADANOVIĆ;ĆAPETA;GABRILO;GRČIĆ;MILUN
Splitsko-dalmatinska;Općina;Dugi Rat;VUKOVIĆ;RAKULJIĆ;TOMIĆ;ERCEGOVIĆ;KLARIĆ;TOMAŠ;VOJNOVIĆ;ŠKARICA;ZEMUNIK;NAZOR
Splitsko-dalmatinska;Općina;Dugopolje;BALIĆ;ROGOŠIĆ;PERIŠIĆ;BOSANČIĆ;RADOŠEVIĆ;CAKTAŠ;ČIPČIĆ;PLAZIBAT;ŠIMIĆ;MARASOVIĆ
Splitsko-dalmatinska;Općina;Gradac;ANDRIJAŠEVIĆ;KOSTANIĆ;KOSOVIĆ;MIOŠIĆ;ŠUTIĆ;VEŽA;MATUTINOVIĆ;KORLJAN;STIPIĆ;BARTULOVIĆ
Splitsko-dalmatinska;Općina;Hrvace;BULJAN;KUNAC;ALEBIĆ;BOŠNJAK;HRGOVIĆ;PLETIKOSIĆ;JERKAN;ZORICA;LOVRIĆ;DOLJANIN
Splitsko-dalmatinska;Općina;Jelsa;CARIĆ;MILATIĆ;VISKOVIĆ;LUČIĆ;GRGIČEVIĆ;BOJANIĆ;HULJIĆ;BOŽIKOVIĆ;BARBIĆ;MAKJANIĆ
Splitsko-dalmatinska;Općina;Klis;BOBAN;JURIĆ;RADIĆ;PLEŠTINA;MIHOVILOVIĆ;UVODIĆ;VETMA;DELIĆ;BUBIĆ;SARIĆ
Splitsko-dalmatinska;Općina;Lećevica;MATAS;TEŠIJA;BAŠIĆ;BUŽANČIĆ;BARAN;ĐIRLIĆ;KELAM;PARČINA;GJIRLIĆ;ČAVKA
Splitsko-dalmatinska;Općina;Lokvičići;ŠTRLJIĆ;KNEZOVIĆ;LASIĆ;ZOVKO;BEKAVAC;KAVELJ;VIDULIN;GADŽO;BLAŽEVIĆ;MEDVIDOVIĆ
Splitsko-dalmatinska;Općina;Lovreć;NIKOLIĆ;MUSTAPIĆ;KATIĆ;OLUJIĆ;BABIĆ;UDILJAK;SKENDER;PIPLICA;BOŠNJAK;NOSIĆ
Splitsko-dalmatinska;Općina;Marina;MATIJAŠ;RADIĆ;JAKUS;PALADA;RINČIĆ;VIDOVIĆ;ŠALOV;ANĐELIĆ;NAJEV;PAŽANIN
Splitsko-dalmatinska;Općina;Milna;MARINOVIĆ;RAKELA;MLADINIĆ;RESTOVIĆ;GALOVIĆ;POKLEPOVIĆ;JERKOVIĆ;BRKULJIĆ;LOZIĆ;BONAČIĆ
Splitsko-dalmatinska;Općina;Muć;VEIĆ;STUPALO;VRDOLJAK;SVALINA;DELIĆ;JURIĆ;ŠOLIĆ;JELIČIĆ;BAZINA;ZUBAN
Splitsko-dalmatinska;Općina;Nerežišća;KUŠČEVIĆ;DRAGIČEVIĆ;JAKŠIĆ;ŠIMUNOVIĆ;BEZMALINOVIĆ;MARTINOVIĆ;DUBRAVČIĆ;FRANULIĆ;FILIPI;ŽUVIĆ
Splitsko-dalmatinska;Općina;Okrug;RADIĆ;MIŠE;KUZMANIĆ;BARETA;VUKMAN;DOBRIČIĆ;BIOČIĆ;BILIĆ;PRGA;BULIČIĆ
Splitsko-dalmatinska;Općina;Otok;VUGDELIJA;NORAC KEVO;JUKIĆ;BITUNJAC;TADIĆ;MARINOVIĆ;BAŠIĆ;SAMARDŽIĆ;VULETA;GRGAT
Splitsko-dalmatinska;Općina;Podbablje;KUJUNDŽIĆ;JONJIĆ;KARIN;UJEVIĆ;ŽUŽUL;ZNAOR;ŠUŠNJAR;PERKUŠIĆ;PERIĆ;MATKOVIĆ
Splitsko-dalmatinska;Općina;Podgora;VELA;URLIĆ;JAKIĆ;GLUČINA;KRŽANIĆ;TALIJANČIĆ;LULIĆ;VODANOVIĆ;SUMIĆ;BORIĆ
Splitsko-dalmatinska;Općina;Podstrana;BOŽIKOVIĆ;PERIŠIĆ;JOVANOVIĆ;RUŽIĆ;VUKOVIĆ;TOMIĆ;ŠARIĆ;PAVIĆ;PETRIČEVIĆ;TOMASOVIĆ
Splitsko-dalmatinska;Općina;Postira;MATULIĆ;ŠANTIĆ;GOSPODNETIĆ;JELINČIĆ;VLAHOVIĆ;GLAVINIĆ;CVITANIĆ;ŠKARIĆ;LAZANEO;ARNERIĆ
Splitsko-dalmatinska;Općina;Prgomet;DRAŽIĆ;JURIĆ;SKELIN;KESIĆ;BAŠIĆ;MANDIĆ;ŠKRAPIĆ;RADNIĆ;BIKIĆ;DRNASIN
Splitsko-dalmatinska;Općina;Primorski Dolac;FRANIĆ;UKIĆ;ŽUNIĆ;MIŠKOVIĆ;VRŽINA;ŠUSTIĆ;BALOV;PENIĆ;STOJAK;ŠPANIĆ
Splitsko-dalmatinska;Općina;Proložac;MARŠIĆ;LASIĆ;GRABOVAC;PETRIČEVIĆ;GRBAVAC;TOLIĆ;BUBALO;DROPULJIĆ;ČEŠLJAR;METER
Splitsko-dalmatinska;Općina;Pučišća;MARTINIĆ;ETEROVIĆ;RADIĆ;VRANDEČIĆ;DRPIĆ;KUSANOVIĆ;GOIĆ;JERČIĆ;NIŽETIĆ;BUVINIĆ
Splitsko-dalmatinska;Općina;Runovići;LJUBIČIĆ;PULJIZ;JUKIĆ;BABIĆ;BIOČIĆ;PULJIĆ;LEŠINA;JAKIĆ;LUBINA;ŽDERO
Splitsko-dalmatinska;Općina;Seget;VUKMAN;ŠPIKA;TOMAŠ;ČARIJA;ALAJBEG;ZULIM;ŠEVO;GRGA;BARADA;IVICA
Splitsko-dalmatinska;Općina;Selca;TRUTANIĆ;NIŽETIĆ;STANČIĆ;ŠTAMBUK;BOŠKOVIĆ;BEZMALINOVIĆ;OSTOJIĆ;VRSALOVIĆ;URSIĆ;ZLATAR
Splitsko-dalmatinska;Općina;Sućuraj;FRANIČEVIĆ;MIHALJEVIĆ;RUDAN;VULJAN;RADOVANČIĆ;SLAVIĆ;JELIČIĆ;PAVLOVIĆ;IVANKOVIĆ;JERKOVIĆ
Splitsko-dalmatinska;Općina;Sutivan;LUKŠIĆ;LJUBETIĆ;IVANOVIĆ;VLADISLAVIĆ;JUTRONIĆ;RAKELA;GRUBŠIĆ;MANZONI;TONŠIĆ;ZUANIĆ
Splitsko-dalmatinska;Općina;Šestanovac;VUKUŠIĆ;RIBIČIĆ;MERČEP;TROGRLIĆ;KEKEZ;BALIĆ;BABIĆ;DUNDIĆ;MANDUŠIĆ;NEJAŠMIĆ
Splitsko-dalmatinska;Općina;Šolta;BEZIĆ;BLAGAIĆ;CECIĆ;JAKOVČEVIĆ;NOVAKOVIĆ;KALEBIĆ;RADMAN;BUKTENICA;VIDAN;BURICA
Splitsko-dalmatinska;Općina;Tučepi;ČOVIĆ;ŠARIĆ;VISKOVIĆ;ŠIMIĆ;MRAVIČIĆ;LALIĆ;BUŠELIĆ;VITLIĆ;PAŠALIĆ;BRBIĆ
Splitsko-dalmatinska;Općina;Zadvarje;ČIZMIĆ;KRŽELJ;KRNIĆ;BAJIĆ;PEJKOVIĆ;SANTRIĆ;POPOVIĆ;Z;Z;Z
Splitsko-dalmatinska;Općina;Zagvozd;ČAGALJ;TOMIČIĆ;MLIKOTA;MUŠURA;VARKAŠ;BULJUBAŠIĆ;DEDIĆ;KRISTIĆ;BARTULOVIĆ;BRNAS
Splitsko-dalmatinska;Općina;Zmijavci;GUDELJ;MILAS;ŠABIĆ;TODORIĆ;KAROGLAN;MRKONJIĆ;ŠUTO;IVKOŠIĆ;ĆAPIN;GARAC
Istarska; ;;BENČIĆ;BURŠIĆ;RADOLOVIĆ;PERUŠKO;MILETIĆ;BOŽIĆ;BRAJKOVIĆ;MATOŠEVIĆ;POROPAT;IVANČIĆ
Istarska;Grad;Buje - Buie;MARUŠIĆ;VIŽINTIN;ĐURĐEVIĆ;KOZLOVIĆ;RADEŠIĆ;BARBO;BRAJKO;SINKOVIĆ;JUGOVAC;ŠEPIĆ
Istarska;Grad;Buzet;FLEGO;SIROTIĆ;PRODAN;VIVODA;MAJCAN;NEŽIĆ;PAVLETIĆ;ČERNEKA;GRŽINIĆ;ŠĆULAC
Istarska;Grad;Labin;MILETIĆ;MILEVOJ;NAČINOVIĆ;ŠKOPAC;FRANKOVIĆ;JURIČIĆ;GOBO;KOS;VIŠKOVIĆ;FARAGUNA
Istarska;Grad;Novigrad - Cittanova;KLARIĆ;BELETIĆ;BABIĆ;JUGOVAC;JURIĆ;KREVATIN;MIANI;ČERVAR;ANIĆ;PASULJI
Istarska;Grad;Pazin;BRAJKOVIĆ;LADAVAC;UJČIĆ;IVANČIĆ;HRVATIN;ZOVIĆ;MOGOROVIĆ;ZGRABLIĆ;FERENČIĆ;GUŠTIN
Istarska;Grad;Poreč - Parenzo;LEGOVIĆ;POROPAT;RITOŠA;VELENIK;ŠTIFANIĆ;BANKO;MATOŠEVIĆ;POPOVIĆ;DEKOVIĆ;BRAJKOVIĆ
Istarska;Grad;Pula - Pola;PETROVIĆ;PERUŠKO;BURŠIĆ;BOŽAC;ROJNIĆ;NIKOLIĆ;BABIĆ;JOVANOVIĆ;MARKOVIĆ;RADOLOVIĆ
Istarska;Grad;Rovinj - Rovigno;POROPAT;SOŠIĆ;MATOŠEVIĆ;POKRAJAC;CERIN;BENUSSI;SPONZA;BOŽIĆ;RADETIĆ;BRAJNOVIĆ
Istarska;Grad;Umag - Umago;ZAKINJA;MAKOVAC;JURIŠEVIĆ;SIROTIĆ;BOŽIĆ;VIŽINTIN;KOZLOVIĆ;ŠTOKOVAC;MATIJAŠIĆ;KOCIJANČIĆ
Istarska;Grad;Vodnjan - Dignano;VITASOVIĆ;MOSCARDA;CETINA;ŠARIĆ;AVDI;MACAN;LEONARDELLI;BANKOVIĆ;CAPOLICCHIO;ADEMI
Istarska;Općina;Bale - Valle;DRANDIĆ;BARBIERI;ŠETIĆ;PIUTTI;POROPAT;ORBANIĆ;ŽUFIĆ;CERIN;BERNÉ;CUCCURIN
Istarska;Općina;Barban;ROCE;ROJNIĆ;KOLIĆ;PLIŠKO;LICUL;BULIĆ;KOROMAN;RADOLA;BRGIĆ;FRANČULA
Istarska;Općina;Brtonigla - Verteneglio;BARNABA;RADIN;RAVALICO;KLARIĆ;LABINJAN;GOJTAN;SINOŽIĆ;VISINTIN;CIVITAN;RUŽIĆ
Istarska;Općina;Cerovlje;ŠESTAN;MATKOVIĆ;UDOVIČIĆ;LUŠETIĆ;RABAR;FLEGAR;STOJŠIĆ;TOMINIĆ;KRIVIČIĆ;ŠTERPIN
Istarska;Općina;Fažana - Fasana;ŠURAN;BENČIĆ;IVANČIĆ;RADOLOVIĆ;TADIĆ;VITASOVIĆ;BUŽLETA;RUDAN;PILJAN;BILIĆ
Istarska;Općina;Funtana - Fontane;LIOVIĆ;ŠTIFANIĆ;GRGETA;IPSA;CVITKOVIĆ;LAKOVIĆ;MARUNICA;BILANDŽIĆ;BOROVAC;ŠAHIĆ
Istarska;Općina;Gračišće;PUTINJA;MILOTIĆ;LANČA;BURŠIĆ;MILANOVIĆ;PUŽAR;ŠIROL;BAŽON;BRLJAFA;DRUŽETIĆ
Istarska;Općina;Grožnjan - Grisignana;MAKOVAC;JUGOVAC;KRALJEVIĆ;ANTONAC;PINCIN;ŠTOKOVAC;ALTIN;DAMIANI;PUCER;KUŠĆE
Istarska;Općina;Kanfanar;MARIĆ;SOŠIĆ;BURIĆ;CERIN;RADETIĆ;RABAR;MARUŽIN;VIČIĆ;BANKO;KOŠARA
Istarska;Općina;Karojba;LAKOŠELJAC;MOČIBOB;LEVAK;JUGOVAC;SELAR;SINČIĆ;CVITKO;SRDOČ;BARTOLIĆ;ERIK
Istarska;Općina;Kaštelir - Labinci - Castelliere-S. Domenica;LEGOVIĆ;KOCIJANČIĆ;RUŽIĆ;BERNOBIĆ;BRČIĆ;KOVAČ;BRATOVIĆ;VENTIN;DIKLIĆ;BEAKOVIĆ
Istarska;Općina;Kršan;VOZILA;NAČINOVIĆ;PERŠIĆ;FABLE;FONOVIĆ;LJUBIČIĆ;RUNKO;BUČIĆ;LAZARIĆ;HONOVIĆ
Istarska;Općina;Lanišće;ŠVERKO;GRBAC;MEDICA;MIKAC;BOŽIĆ;POSEDEL;ČENDAK;BUŽDON;POROPAT;Z
Istarska;Općina;Ližnjan - Lisignano;UŠIĆ;SLADONJA;PLETIKOS;BENČIĆ;JADREŠKO;KAIĆ;GOLDIN;GRBIN;PAURO;TROMBA
Istarska;Općina;Lupoglav;RIBARIĆ;KRAJCAR;ANDREJEVIĆ;RAVNIĆ;SERGO;DEMARK;KRBAVAC;STARAJ;KUHARIĆ;BARIČEVIĆ
Istarska;Općina;Marčana;RADOLOVIĆ;PERUŠKO;PERCAN;VITASOVIĆ;CETINA;BUIĆ;ROJNIĆ;VALIĆ;CVEK;ZENZEROVIĆ
Istarska;Općina;Medulin;CUKON;LORENCIN;KIRAC;CRNOBORI;PREMATE;ROSANDA;PERUŠKO;RADOŠEVIĆ;RAKIĆ;MARKOVIĆ
Istarska;Općina;Motovun - Montona;BERTOŠA;LABINJAN;BELETIĆ;VALENTA;BENČIĆ;KOTIGA;ŠTEFANIĆ;KALIGARI;FLEGO;BOŽIĆ
Istarska;Općina;Oprtalj - Portole;VIŽINTIN;BAZJAK;VEŽNAVER;ŠORGO;MARKEŽIĆ;BARTOLIĆ;BASANEŽE;KRT;TONČIĆ;COTIĆ
Istarska;Općina;Pićan;SMOKOVIĆ;VRETENAR;BAĆAC;BELUŠIĆ;BRENKO;LUKEŽ;SMILOVIĆ;LUKŠIĆ;ŠVIĆ;ANIČIĆ
Istarska;Općina;Raša;DOBRIĆ;MILEVOJ;MILETIĆ;VIŠKOVIĆ;FRANKOVIĆ;RAJKOVIĆ;VLAČIĆ;TENČIĆ;KNAPIĆ;BLAŽINA
Istarska;Općina;Sveta Nedelja;MILETIĆ;LICUL;NAČINOVIĆ;VERBANAC;MOHOROVIĆ;ŠUMBERAC;FRANKOVIĆ;KIRŠIĆ;BATELIĆ;FARAGUNA
Istarska;Općina;Sveti Lovreč;MATOŠEVIĆ;TERLEVIĆ;BABIĆ;LAKOVIĆ;JANKO;HERAK;DODIĆ;LICARDO;MATOŠOVIĆ;PREKALJ
Istarska;Općina;Sveti Petar u Šumi;PAMIĆ;BANOVAC;JURMAN;TURČINOVIĆ;ZGRABLIĆ;UDOVIČIĆ;FRANJUL;BRATULIĆ;SRBLIN;HEKIĆ
Istarska;Općina;Svetvinčenat;PERKOVIĆ;MACAN;BILIĆ;DOBLANOVIĆ;MILOVAN;BURŠIĆ;PERŠIĆ;PAČIĆ;BUTKOVIĆ;MATIJAŠ
Istarska;Općina;Tar-Vabriga - Torre-Abrega;STOJNIĆ;RADOJKOVIĆ;LABINAC;MOMIĆ;BLAŽEVIĆ;MUŠKOVIĆ;KERIN;KOCIJANČIĆ;ROŠA;ŽUŽIĆ
Istarska;Općina;Tinjan;MOFARDIN;BANKO;JAKUS;FABRIS;ANTOLOVIĆ;PRENC;RADETIĆ;BREČEVIĆ;ŠURAN;HRVATIN
Istarska;Općina;Višnjan - Visignano;ŽIKOVIĆ;SINOŽIĆ;KORLEVIĆ;MATIĆ;ŠTIFANIĆ;GAŠPARINI;KORACA;PERHAT;SMOLICA;RADOVAN
Istarska;Općina;Vižinada - Visinada;RITOŠA;FERENAC;ŠIMONOVIĆ;BEAKOVIĆ;RADEŠIĆ;DOBRILOVIĆ;FATORIĆ;MARKOVIĆ;ARMAN;BERNOBIĆ
Istarska;Općina;Vrsar - Orsera;MARAS;POPOVIĆ;BRAJKOVIĆ;LIGOVIĆ;POROPAT;ŽIKOVIĆ;DEAK;MATOŠEVIĆ;ŠVERKO;KAZALAC
Istarska;Općina;Žminj;ORBANIĆ;DAMIJANIĆ;PAMIĆ;GALANT;ŽUFIĆ;MATIKA;MODRUŠAN;BOŽAC;BENČIĆ;KRIŽANAC
Dubrovačko-neretvanska; ;;MATIĆ;ŽUVELA;ŠEPAROVIĆ;PAVLOVIĆ;SRŠEN;JERKOVIĆ;VOLAREVIĆ;JURKOVIĆ;MARINOVIĆ;RADIĆ
Dubrovačko-neretvanska;Grad;Dubrovnik;PAVLOVIĆ;MATIĆ;LUČIĆ;RADIĆ;RAGUŽ;ŠIMUNOVIĆ;MARIĆ;BUTIGAN;PRKAČIN;NJIRIĆ
Dubrovačko-neretvanska;Grad;Korčula;BOTICA;TOMIĆ;SKOKANDIĆ;LAUS;ŠEGEDIN;ŠAIN;SILIĆ;FARAC;MARELIĆ;CURAĆ
Dubrovačko-neretvanska;Grad;Metković;VOLAREVIĆ;BEBIĆ;JURKOVIĆ;ŠILJEG;DOMINIKOVIĆ;JERKOVIĆ;ILIĆ;MATIĆ;MARUŠIĆ;JAKIĆ
Dubrovačko-neretvanska;Grad;Opuzen;POPOVIĆ;BJELIŠ;PROVIĆ;MATAGA;ČOVIĆ;BABIĆ;MUSTAPIĆ;CURIĆ;TUTAVAC;ODAK
Dubrovačko-neretvanska;Grad;Ploče;ŠUNJIĆ;BARBIR;MEDAK;ŽDERIĆ;NIKOLAC;ŠTRBIĆ;VLAHOVIĆ;GRGURINOVIĆ;MUSULIN;MAREVIĆ
Dubrovačko-neretvanska;Općina;Blato;ŠEPAROVIĆ;SARDELIĆ;BAČIĆ;ŽANETIĆ;BOSNIĆ;MARINOVIĆ;ŽUVELA;PETKOVIĆ;GAVRANIĆ;CETINIĆ
Dubrovačko-neretvanska;Općina;Dubrovačko primorje;RADIĆ;KRALJEVIĆ;MILIĆ;BRBORA;KMETOVIĆ;MATIĆ;ŠIMUNOVIĆ;PERUŠINA;MILJEVIĆ;BAZDAN
Dubrovačko-neretvanska;Općina;Janjina;JASPRICA;ŠEGOVIĆ;KALAFATOVIĆ;PEKIĆ;HERCEG;MRATOVIĆ;POLUTA;MARKIĆ;ANTIČEVIĆ;NOŽICA
Dubrovačko-neretvanska;Općina;Konavle;ČUPIĆ;OBRADOVIĆ;DROBAC;SKURIĆ;KRALJ;VIDAK;DERANJA;PUŠIĆ;CVJETKOVIĆ;BRAILO
Dubrovačko-neretvanska;Općina;Kula Norinska;VUČKOVIĆ;JERKOVIĆ;BATINOVIĆ;UJDUR;JELČIĆ;GNJEČ;MAREVIĆ;ĆELIĆ;KRSTIČEVIĆ;NIKOLIĆ
Dubrovačko-neretvanska;Općina;Lastovo;LEŠIĆ;BARBIĆ;IVELJA;FRLAN;JURICA;KATIĆ;ANTICA;SIMIĆ;GLUMAC;ŠKRATULJA
Dubrovačko-neretvanska;Općina;Lumbarda;MILINA;JURJEVIĆ;MUŠIĆ;ŠESTANOVIĆ;KRILETIĆ;NOBILO;LOZICA;LIPANOVIĆ;RADOVAN;BATISTIĆ
Dubrovačko-neretvanska;Općina;Mljet;STRAŽIČIĆ;MATANA;HAJDIĆ;DABELIĆ;SRŠEN;HAZDOVAC;NODILO;MARKOVIĆ;MARKET;BAŠICA
Dubrovačko-neretvanska;Općina;Orebić;TOLJ;ROSO;GRLJUŠIĆ;BIKIĆ;VIOLIĆ;KURILJ;RADIĆ;VEKIĆ;ANTUNOVIĆ;BRKIĆ
Dubrovačko-neretvanska;Općina;Pojezerje;ČOTIĆ;DOMINIKOVIĆ;KURAN;ZLOIĆ;ANTUNOVIĆ;ŠPANJIĆ;MATIĆ;PEAR;NIŽIĆ;KEŽIĆ
Dubrovačko-neretvanska;Općina;Slivno;SRŠEN;DRAGOBRATOVIĆ;BJELIŠ;BABIĆ;BARTULOVIĆ;POPOVIĆ;KADIJEVIĆ;MUSTAPIĆ;CURIĆ;PALINIĆ
Dubrovačko-neretvanska;Općina;Smokvica;PECOTIĆ;BANIČEVIĆ;TOMAŠIĆ;RADOVANOVIĆ;SALEČIĆ;DIDOVIĆ;PEŠELJ;KORUNIĆ;KUNJAŠIĆ;BLEUŠ
Dubrovačko-neretvanska;Općina;Ston;FRANUŠIĆ;GLAVOR;PINČEVIĆ;DALMATIN;LEDINIĆ;MARLAIS;VLAŠIĆ;KRILE;ŽILE;ŠKRABO
Dubrovačko-neretvanska;Općina;Trpanj;ROSO;IVANDIĆ;DIVKOVIĆ;SKOKANDIĆ;DUJMOVIĆ;MILINOVIĆ;FERRI;ŠEGETIN;Z;Z
Dubrovačko-neretvanska;Općina;Vela Luka;ŽUVELA;DRAGOJEVIĆ;OREB;ŠEPAROVIĆ;SURJAN;PADOVAN;PRIŽMIĆ;BARČOT;MIROŠEVIĆ;TABAIN
Dubrovačko-neretvanska;Općina;Zažablje;VIDOVIĆ;MATIĆ;GALOV;BARIŠIĆ;SRŠEN;IVANKOVIĆ;VRNOGA;MIJOČ;POPOVIĆ;VERAJA
Dubrovačko-neretvanska;Općina;Župa dubrovačka;MILOSLAVIĆ;RAGUŽ;LUČIĆ;RADIĆ;SAMBRAILO;KRISTOVIĆ;GRBIĆ;MILETIĆ;VLAŠIĆ;KRMEK
Međimurska; ;;NOVAK;HORVAT;ORŠOŠ;ORŠUŠ;IGNAC;KOVAČIĆ;ZADRAVEC;MESARIĆ;BALOG;KOVAČ
Međimurska;Grad;Čakovec;NOVAK;HORVAT;IGNAC;ORŠUŠ;VARGA;KOVAČIĆ;TOPLEK;MESARIĆ;VUGRINEC;VRBANEC
Međimurska;Grad;Mursko Središće;NOVAK;HORVAT;TURK;ZADRAVEC;TRSTENJAK;BOGDAN;KOVAČIĆ;TUKSAR;ŽGANEC;RADIKOVIĆ
Međimurska;Grad;Prelog;HORVAT;NOVAK;SLAVIČEK;BALENT;GLAVINA;MIKEC;BERMANEC;BELIĆ;KALŠAN;VUK
Međimurska;Općina;Belica;NOVAK;BAKSA;HERMAN;KOLARIĆ;HORVAT;HAJDAROVIĆ;ŠKVORC;DODLEK;OBADIĆ;MESARIĆ
Međimurska;Općina;Dekanovec;NOVAK;ŽERJAV;MUČIĆ;ĐURKIN;PINTARIĆ;KOLARIĆ;ROB;TOMAŠEK;HORVAT;MESAREK
Međimurska;Općina;Domašinec;KOVAČ;NOVAK;FURDI;LISJAK;HORVAT;TOT;ORŠUŠ;MEZGA;KRZNAR;TOMAŠEK
Međimurska;Općina;Donja Dubrava;HORVAT;ČIŽMEŠIJA;ŠTEFIĆ;RUSAK;MIKULAN;BRLJAK;LISJAK;MISER;FABIĆ;ŽINIĆ
Međimurska;Općina;Donji Kraljevec;HORVAT;SABOL;KOVAČ;ZRNA;VLAHEK;KOLARIĆ;BLAGUS;NOVAK;BARANAŠIĆ;VADLJA
Međimurska;Općina;Donji Vidovec;LUKŠA;MATULIN;NESTIĆ;KUZMIĆ;HORVAT;FRIŠČIĆ;ZVONAR;CENKO;LOVREK;DOMINIĆ
Međimurska;Općina;Goričan;MESARIĆ;BAŠNEC;HORVAT;MARĐETKO;GUDLIN;PONGRAC;VADLJA;HRANJEC;IVANOVIĆ;BERGOVEC
Međimurska;Općina;Gornji Mihaljevec;NOVAK;HORVAT;LOVREC;CMREČNJAK;SRŠA;ZADRAVEC;ŠAFARIĆ;JAMBROVIĆ;LADIĆ;POSEL
Međimurska;Općina;Kotoriba;HORVAT;ORŠOŠ;FUNDAK;BALOG;MATOTEK;ŠKODA;LATIN;FUŠ;SILADI;BOGDAN
Međimurska;Općina;Mala Subotica;HORVAT;ORŠOŠ;ORŠUŠ;NOVAK;IGNAC;JANKOVIĆ;JANČEC;JURAS;PINTARIĆ;CIRKVENČIĆ
Međimurska;Općina;Nedelišće;HORVAT;NOVAK;ORŠOŠ;POSAVEC;MARCIUŠ;BALOG;ORŠUŠ;IGNAC;PINTARIĆ;BRANILOVIĆ
Međimurska;Općina;Orehovica;HORVAT;IGNAC;ORŠUŠ;BALOG;NOVAK;BOGDAN;POŽGAJ;BRANOVIĆ;ORŠOŠ;KLOBUČARIĆ
Međimurska;Općina;Podturen;NOVAK;HORVAT;VARGA;BALOG;ŠKVORC;KOVAČ;BOBIČANEC;CEROVEC;DRK;JAMBROŠIĆ
Međimurska;Općina;Pribislavec;IGNAC;ORŠOŠ;HORVAT;NOVAK;ORŠUŠ;LESJAK;BALOG;MIHALIC;OKREŠA;VARGA
Međimurska;Općina;Selnica;NOVAK;TURK;ZADRAVEC;SKLEPIĆ;VINKO;ŠKVORC;BISTROVIĆ;KRALJIĆ;FLAC;ČURIN
Međimurska;Općina;Strahoninec;NOVAK;HORVAT;VRBANEC;KOVAČ;POSAVEC;BUJAN;VARGA;VIDOVIĆ;BISTROVIĆ;MARCIUŠ
Međimurska;Općina;Sveta Marija;PONGRAC;MUSTAČ;OREHOVEC;BARTOLIĆ;POLJAK;KVAKAN;IGREC;GAŠPARIĆ;KANIŽAJ;ZADRAVEC
Međimurska;Općina;Sveti Juraj na Bregu;NOVAK;HORVAT;ŠAFARIĆ;MESARIĆ;KOVAČIĆ;PINTARIĆ;TOMAŠIĆ;ŠKVORC;ZADRAVEC;BISTROVIĆ
Međimurska;Općina;Sveti Martin na Muri;PERČIĆ;NOVAK;OLETIĆ;KARLOVČEC;GORIČANEC;BOGDAN;KUTNJAK;VINKO;SOBOČAN;SRŠA
Međimurska;Općina;Šenkovec;NOVAK;HORVAT;TOPLEK;VARGA;VUK;KOZJAK;KOVAČIĆ;MESARIĆ;VUGRINEC;ZEMLJIĆ
Međimurska;Općina;Štrigova;NOVAK;HORVAT;KOVAČIĆ;ZADRAVEC;JAKOPIĆ;KUTNJAK;NEMEC;JAMBROVIĆ;BOGDAN;KOCEN
Međimurska;Općina;Vratišinec;NOVAK;TUKSAR;ZADRAVEC;HORVAT;ŽGANEC;MUNĐAR;ŠKVORC;KOVAČIĆ;MAĐARIĆ;TKALEC
Grad Zagreb; ;Grad Zagreb;HORVAT;BABIĆ;MARIĆ;KOVAČEVIĆ;KOVAČIĆ;MARKOVIĆ;MATIĆ;JURIĆ;PETROVIĆ;NOVAK
Grad Zagreb;Gradska četvrt;Brezovica;KOVAČIĆ;BABIĆ;ŠIRANOVIĆ;HORVAT;PRŠIR;JANJEČIĆ;KALAJ;PEČEK;CEROVSKI;BUHIN
Grad Zagreb;Gradska četvrt;Črnomerec;HORVAT;BABIĆ;KOVAČEVIĆ;MARIĆ;KOVAČIĆ;TOMIĆ;MARKOVIĆ;BARIĆ;ŠARIĆ;NOVAK
Grad Zagreb;Gradska četvrt;Donja Dubrava;PALIĆ;GLASNOVIĆ;BERIŠIĆ;ĐURIĆ;HORVAT;MARIĆ;MATIĆ;ČIBARIĆ;BRKIĆ;JOZIĆ
Grad Zagreb;Gradska četvrt;Donji Grad;HORVAT;KOVAČIĆ;KOVAČEVIĆ;MARKOVIĆ;BABIĆ;MARIĆ;PETROVIĆ;POPOVIĆ;KOVAČ;BOŽIĆ
Grad Zagreb;Gradska četvrt;Gornja Dubrava;PALIĆ;GLASNOVIĆ;HORVAT;BERIŠIĆ;MATIĆ;MARKOVIĆ;NOVAK;BRKIĆ;ĐURIĆ;SRUK
Grad Zagreb;Gradska četvrt;Gornji Grad-Medveščak;BABIĆ;HORVAT;NOVAK;KOVAČEVIĆ;PETROVIĆ;POPOVIĆ;MARIĆ;KOVAČIĆ;TOMIĆ;ŽIVKOVIĆ
Grad Zagreb;Gradska četvrt;Maksimir;HORVAT;MATIĆ;MARIĆ;NOVAK;KOVAČ;KOVAČEVIĆ;KOVAČIĆ;MARKOVIĆ;BABIĆ;PETROVIĆ
Grad Zagreb;Gradska četvrt;Novi Zagreb-istok;HORVAT;KOVAČEVIĆ;BABIĆ;MARIĆ;MARKOVIĆ;TOMIĆ;PETROVIĆ;KOVAČIĆ;KNEŽEVIĆ;BEDEKOVIĆ
Grad Zagreb;Gradska četvrt;Novi Zagreb-zapad;MARIĆ;HORVAT;JURIĆ;KOVAČEVIĆ;MATIĆ;BABIĆ;MARKOVIĆ;KNEŽEVIĆ;PETROVIĆ;BOŽIĆ
Grad Zagreb;Gradska četvrt;Pešćenica-Žitnjak;HORVAT;MARIĆ;JURIĆ;KOVAČEVIĆ;PETROVIĆ;PERIĆ;KNEŽEVIĆ;KLARIĆ;TOMIĆ;BABIĆ
Grad Zagreb;Gradska četvrt;Podsljeme;HADŽIĆ;ŠELENDIĆ;KOBASIĆ;HUZANIĆ;ROČIĆ;MIKLEC;FERENČAK;LUKAČIN;HORVATIĆ;KOMUŠAR
Grad Zagreb;Gradska četvrt;Podsused-Vrapče;HORVAT;MARKOVIĆ;NOVOSEL;KOS;CVETKOVIĆ;BABIĆ;MATIĆ;BARBARIĆ;KOVAČEVIĆ;PETROVIĆ
Grad Zagreb;Gradska četvrt;Sesvete;FILIPOVIĆ;KOVAČIĆ;BABIĆ;MARIĆ;PAVLOVIĆ;HORVAT;ŠIMIĆ;MARKOVIĆ;KRALJ;JURIĆ
Grad Zagreb;Gradska četvrt;Stenjevec;HORVAT;MARIĆ;BABIĆ;JURIĆ;TOMIĆ;KOVAČIĆ;GALIĆ;KOVAČEVIĆ;KNEŽEVIĆ;BOŠNJAK
Grad Zagreb;Gradska četvrt;Trešnjevka-jug;HORVAT;KOVAČEVIĆ;MARIĆ;BABIĆ;MARKOVIĆ;KOVAČ;MATIĆ;PETROVIĆ;NOVAK;KOVAČIĆ
Grad Zagreb;Gradska četvrt;Trešnjevka-sjever;HORVAT;BABIĆ;KOVAČEVIĆ;KOVAČIĆ;KOVAČ;MARKOVIĆ;NOVAK;PAVIĆ;PAVLOVIĆ;KNEŽEVIĆ
Grad Zagreb;Gradska četvrt;Trnje;HORVAT;PETROVIĆ;KOVAČEVIĆ;NOVAK;BABIĆ;MARKOVIĆ;POPOVIĆ;PAVLOVIĆ;KOVAČIĆ;KNEŽEVIĆ
1) Z - agregirani podaci čija je frekvencija manja od 10 jedinica tretiraju se kao povjerljivi i stoga se ne objavljuju;;;;;;;;;;;;
